Term,es,nes,pval,fdr,geneset_size,matched_size,genes,ledge_genes
ko00280,-0.3374236255874571,-2.0299139542600795,0.0,0.0,70,44,K01849;K01848;K01825;K01782;K00187;K09699;K00263;K15036;K01966;K01027;K01847;K05606;K00188;K00166;K00186;K00626;K07250;K00020;K00167;K11381;K01968;K00248;K01965;K00253;K07511;K01028;K01029;K00826;K01969;K01640;K00632;K00128;K00382;K01907;K07513;K01641;K01692;K00140;K18661;K19312;K11410;K00249;K11263;K00822,K01640;K00632;K00128;K00382;K01907;K07513;K01641;K01692;K00140;K18661;K19312;K11410;K00249;K11263;K00822
ko00572,-0.869269561076523,-2.431793972985734,0.0,0.0,12,9,K16647;K16870;K22902;K16648;K02851;K13687;K13686;K16649;K16650,K22902;K16648;K02851;K13687;K13686;K16649;K16650
ko04260,-0.7981888745148872,-2.1928851073341593,0.0,0.0,67,5,K02256;K05853;K01539;K00412;K00413,K02256;K05853;K01539;K00412;K00413
ko05146,-0.7676762694819927,-1.8741707366105982,0.0,0.0,87,5,K01476;K04345;K13963;K04072;K06237,K13963;K04072;K06237
ko00311,-0.8093161548189192,-1.6911321858585793,0.0,0.05777696258253851,16,5,K17836;K19200;K01060;K01434;K04127,K01434;K04127
ko04974,-0.7895143758763041,-1.7973308243937742,0.0,0.06162876008804109,66,5,K01278;K16628;K01539;K19721;K06237,K01539;K19721;K06237
ko05200,-0.5687993330468591,-1.7319890000593998,0.0,0.06603081438004402,417,10,K00799;K04079;K09487;K08736;K04345;K01679;K08735;K08734;K00355;K06237,K08735;K08734;K00355;K06237
ko01040,-0.7917324287963291,-1.7351049033647699,0.0,0.07703595011005136,32,5,K10806;K10804;K07513;K10251;K10805,K10804;K07513;K10251;K10805
ko04390,-0.9794764059469908,-1.6773211567732114,0.0,0.08559550012227929,115,1,K05692,K05692
ko05034,-0.7346048165509022,-1.6276018510769836,0.0,0.11205229106916562,86,2,K04345;K00274,K04345;K00274
ko04111,-0.8340616347880347,-1.6308282070213211,0.0,0.12325752017608219,126,3,K06675;K02540;K06667,K02540;K06667
ko05012,-0.453639871158212,-1.5815245618637248,0.0,0.15407190022010273,194,15,K08852;K03942;K00234;K09490;K03671;K02132;K02133;K04345;K02977;K02256;K02927;K00412;K00413;K00274;K08770,K02927;K00412;K00413;K00274;K08770
ko00860,-0.3590106666369339,-1.5529389880185944,0.0,0.19809244314013205,132,66,K02257;K03405;K21480;K00230;K10960;K03428;K04037;K00228;K02304;K01749;K03394;K02495;K21610;K02233;K06042;K02190;K02224;K00798;K13542;K03594;K00595;K05934;K00768;K00589;K02232;K02492;K05936;K02189;K02230;K01719;K02188;K05895;K02227;K02302;K03404;K02231;K00231;K04720;K01698;K19221;K02226;K02496;K01845;K13540;K13541;K02303;K01599;K04032;K22227;K01195;K01885;K03403;K22226;K01772;K22552;K09882;K04034;K16651;K02191;K02259;K22336;K21479;K00435;K03399;K02225;K13543,K02259;K22336;K21479;K00435;K03399;K02225;K13543
ko04972,-0.8554801163919272,-1.5618973424770286,0.25,0.20147863874936509,69,3,K05853;K01539;K01176,K05853;K01539;K01176
ko00627,-0.44844262043813754,-1.5202750198876342,0.0,0.20542920029347028,81,22,K21759;K01612;K14333;K01576;K03380;K01101;K09461;K19709;K01035;K22958;K03186;K07511;K01426;K01034;K01512;K01692;K01501;K04107;K20712;K08295;K22959;K22960,K01692;K01501;K04107;K20712;K08295;K22959;K22960
ko05412,-0.8553418458058099,-1.436001666566461,0.0,0.21333032338168068,68,2,K05853;K05692,K05853;K05692
ko01054,-0.6140863183468542,-1.4141468087277986,0.0,0.2157006603081438,54,21,K15661;K15668;K15663;K16123;K15656;K16124;K15654;K15662;K15664;K16119;K16131;K16120;K01779;K16132;K15667;K15666;K16095;K15665;K15655;K16093;K16097,K16124;K15654;K15662;K15664;K16119;K16131;K16120;K01779;K16132;K15667;K15666;K16095;K15665;K15655;K16093;K16097
ko00591,-0.9164104665901011,-1.4378239789823095,0.0,0.2218635363169479,25,2,K01058;K00508,K00508
ko04971,-0.7620719615104118,-1.4213268987084355,0.25,0.22254830031792616,50,3,K04345;K01539;K05692,K01539;K05692
ko04520,-0.9096224966205844,-1.4152182396151813,0.0,0.22313861411187288,63,2,K14394;K05692,K05692
ko04973,-0.8366575117735058,-1.4166367770432724,0.16666666666666666,0.2256052824651504,22,3,K00844;K01539;K01176,K01539;K01176
ko05210,-0.8145144598354445,-1.4414851000969318,0.2,0.23110785033015407,72,3,K08736;K08735;K08734,K08735;K08734
ko04810,-0.9794764059469908,-1.4572046802372174,0.0,0.23881144534115922,163,1,K05692,K05692
ko03320,-0.61743789214413,-1.4485545920754355,0.0,0.24115601773581294,63,9,K06276;K00029;K00864;K07513;K01641;K01897;K01596;K00249;K08770,K07513;K01641;K01897;K01596;K00249;K08770
ko05414,-0.7492064877032159,-1.4734360611960946,0.0,0.2432714214001622,87,3,K04345;K05853;K05692,K05853;K05692
ko00642,-0.8396897220426603,-1.3904201230933904,0.0,0.24394717534849594,16,1,K00632,K00632
ko00970,-0.4450786140848514,-1.3857673145690814,0.0,0.2456822192698935,66,35,K09759;K09698;K03330;K01886;K09482;K01893;K01872;K01042;K01867;K01878;K01869;K01876;K00604;K01868;K01892;K01866;K01870;K01879;K01887;K01881;K02434;K01883;K04567;K01875;K01889;K01873;K01885;K01874;K01890;K01880;K04566;K02433;K02435;K22503;K14164,K01867;K01878;K01869;K01876;K00604;K01868;K01892;K01866;K01870;K01879;K01887;K01881;K02434;K01883;K04567;K01875;K01889;K01873;K01885;K01874;K01890;K01880;K04566;K02433;K02435;K22503;K14164
ko05164,-0.8305225633270059,-1.397538452042951,0.3333333333333333,0.24651504035216434,128,2,K09523;K05692,K05692
ko04977,-0.8770200387847417,-1.4046242774566473,0.0,0.24744880944440742,23,1,K05665,K05665
ko05416,-0.9794764059469908,-1.3999307079339416,0.0,0.24923395623840142,39,1,K05692,K05692
ko05167,-0.7675396055609944,-1.4537104530576612,0.0,0.2494497432134996,169,3,K02977;K02927;K08770,K02977;K02927;K08770
ko04391,-0.9794764059469908,-1.4071623425619595,0.0,0.2503668378576669,53,1,K05692,K05692
ko04978,-0.7998706757194256,-1.4891315767175488,0.2222222222222222,0.2503668378576669,36,3,K07213;K01539;K17686,K07213;K01539;K17686
ko05410,-0.8553418458058099,-1.3807740846320973,0.14285714285714285,0.2513804687801676,79,2,K05853;K05692,K05853;K05692
ko04964,-0.7609536009538264,-1.4491700267967633,0.0,0.2521176549056226,14,4,K01425;K01539;K01596;K00261,K01539;K01596;K00261
ko00450,-0.44595892503478274,-1.4818282320518028,0.0,0.2537654827154633,33,22,K12529;K07310;K00958;K07309;K00957;K00956;K00548;K01008;K12527;K14155;K01042;K00955;K01874;K01761;K00384;K01758;K11717;K00549;K01739;K12528;K01760;K17050,K01758;K11717;K00549;K01739;K12528;K01760;K17050
ko04934,-0.7346048165509022,-1.4741042564673823,0.0,0.25678650036683787,122,2,K04345;K01679,K04345;K01679
ko04113,-0.7605734497237944,-1.4074848205857726,0.0,0.2584431874659788,103,4,K01768;K04345;K02540;K08139,K02540;K08139
ko05165,-0.6930232160066667,-1.3687530185886625,0.0,0.2668074369665193,231,5,K02145;K02147;K00873;K04345;K06237,K06237
ko05230,-0.4852954898309864,-1.369828257015739,0.25,0.27347762289068234,49,10,K01425;K00850;K00844;K00036;K00873;K00031;K00161;K00162;K00016;K01834,K00036;K00873;K00031;K00161;K00162;K00016;K01834
ko04613,-0.9794764059469908,-1.3711783336565186,0.0,0.2765393080873638,90,1,K05692,K05692
ko00624,-0.8600869617801928,-1.3503314397448825,0.0,0.28980190755685986,43,3,K00480;K00448;K18067,K00448;K18067
ko00040,-0.3148789152458214,-1.3356344569805312,0.0,0.33322527256905937,85,57,K19588;K21619;K22935;K00039;K14274;K18107;K01730;K08322;K21030;K00065;K08323;K13877;K01728;K08092;K00879;K03078;K01815;K01686;K09988;K01629;K01685;K01812;K00848;K17818;K00853;K00008;K00041;K00002;K00012;K21681;K01818;K01783;K01051;K03077;K01195;K00854;K00040;K22933;K01628;K05352;K01804;K16850;K01820;K01805;K17743;K22994;K00880;K03079;K00963;K22396;K00007;K22187;K05351;K22397;K16849;K22185;K22186,K22994;K00880;K03079;K00963;K22396;K00007;K22187;K05351;K22397;K16849;K22185;K22186
ko00770,-0.3476362142651723,-1.3112794075411573,0.0,0.3971631205673759,44,29,K02201;K11258;K00606;K06133;K09680;K01918;K13799;K01579;K04765;K00077;K13038;K01653;K08682;K01652;K00826;K01687;K00954;K17722;K00859;K03525;K00053;K01598;K00128;K17723;K00867;K01464;K21977;K00997;K01431,K00053;K01598;K00128;K17723;K00867;K01464;K21977;K00997;K01431
ko00965,-0.9316418875242373,-1.3129127761329993,0.0,0.4061895551257253,7,1,K15777,K15777
ko00998,-0.7543039977478572,-1.3058668819534556,0.25,0.4119748636320138,55,4,K02078;K01841;K09459;K19548,K19548
ko04926,-0.8748055275281658,-1.2845368252911618,0.125,0.42666064676336135,96,2,K04345;K06237,K06237
ko05222,-0.9873949579831899,-1.2877797917632674,0.0,0.4283198826118856,74,1,K06237,K06237
ko04022,-0.8553418458058099,-1.2867154773886855,0.0,0.42898450649518793,121,2,K05853;K01539,K05853;K01539
ko04670,-0.9794764059469908,-1.2989712816116588,0.0,0.43271257083092673,75,1,K05692,K05692
ko04024,-0.7347235693501868,-1.2882312458799037,0.2,0.4370611047060056,166,3,K04345;K05853;K01539,K04345;K05853;K01539
ko04120,-0.7675396055609944,-1.2929720948099233,0.5,0.4429567131327953,131,3,K02977;K02927;K08770,K02977;K02927;K08770
ko04110,-0.9080478345184196,-1.2696870410123149,0.0,0.4651227176455931,110,1,K02540,K02540
ko00140,-0.6664948288801702,-1.2629781865803291,0.5,0.4736284340099454,46,4,K12343;K05296;K00038;K10251,K00038;K10251
ko04714,-0.43635010863204077,-1.2447791260719916,0.0,0.48019075568598685,188,14,K02257;K02991;K03942;K00234;K02132;K02133;K04345;K02256;K01897;K00412;K00413;K18162;K02259;K05692,K01897;K00412;K00413;K18162;K02259;K05692
ko04015,-0.9794764059469908,-1.237479947498906,0.0,0.4820959458499988,162,1,K05692,K05692
ko04933,-0.9873949579831899,-1.2354416046586865,0.0,0.48422597212032287,76,1,K06237,K06237
ko05142,-0.9633160956690335,-1.2579930357708136,0.0,0.48462615887414123,85,1,K01354,K01354
ko00471,-0.7360285223755426,-1.2471195504427495,0.0,0.4857181939142221,10,9,K01425;K01925;K23265;K01776;K01924;K05597;K00261;K23170;K23169,K00261;K23170;K23169
ko00515,-0.9520090259551378,-1.2542261189218273,0.25,0.48972853998532645,21,2,K00728;K19872,K19872
ko00550,-0.319155644629021,-1.2378358120786674,0.0,0.48999915807704797,51,47,K18149;K12552;K12551;K11693;K21465;K05365;K05367;K03814;K21464;K05366;K05515;K07260;K19302;K03587;K00806;K00887;K01925;K01000;K08384;K07258;K00790;K07259;K06153;K01928;K01924;K01929;K02563;K00075;K01921;K12553;K08724;K15792;K04478;K05363;K21469;K05364;K12555;K00687;K12556;K05362;K11694;K07009;K03693;K18770;K12554;K18866;K11695,K08724;K15792;K04478;K05363;K21469;K05364;K12555;K00687;K12556;K05362;K11694;K07009;K03693;K18770;K12554;K18866;K11695
ko00900,-0.3925675931836199,-1.247323249194223,0.25,0.4940926455334328,59,31,K05356;K21273;K10960;K00021;K13789;K00805;K00626;K02523;K01823;K01770;K00795;K05906;K01662;K06013;K03526;K03527;K00806;K00099;K00054;K00991;K00919;K15888;K00938;K00869;K12503;K01641;K01597;K13787;K12506;K14215;K05355,K15888;K00938;K00869;K12503;K01641;K01597;K13787;K12506;K14215;K05355
ko05022,-0.41316342477602036,-1.2506615969936015,0.0,0.49465189018032985,368,17,K08852;K03942;K00432;K00234;K04565;K09490;K03781;K02132;K02133;K02977;K02256;K05853;K02927;K13525;K00412;K00413;K08770,K05853;K02927;K13525;K00412;K00413;K08770
ko04145,-0.7730341278435585,-1.2270991475629647,0.0,0.5079557960381511,95,3,K02145;K02147;K05692,K05692
ko00062,-0.8706001437020051,-1.2200464297270068,0.0,0.5309554715277386,24,2,K07511;K10251,K10251
ko04137,-0.7675396055609944,-1.180849509697564,0.4,0.5746465467668695,61,3,K02977;K02927;K08770,K02977;K02927;K08770
ko05152,-0.7442203367854154,-1.1794637358062876,0.14285714285714285,0.5772560528246515,131,4,K04077;K04043;K02040;K14949,K14949
ko00525,-0.5424331675378912,-1.1812103796103497,0.2857142857142857,0.5825184172705253,27,5,K23144;K00973;K20428;K01710;K19978,K19978
ko00561,-0.3448934104932511,-1.2021651871126782,0.0,0.5836056826519043,90,34,K06116;K00631;K00863;K06118;K03429;K00901;K01046;K19003;K00864;K00655;K05879;K00002;K08591;K05881;K00865;K06121;K05878;K03621;K07406;K15918;K06120;K11529;K07407;K00005;K18097;K00128;K07029;K19005;K22251;K19002;K13979;K00086;K06117;K13677,K18097;K00128;K07029;K19005;K22251;K19002;K13979;K00086;K06117;K13677
ko05030,-0.7346048165509022,-1.182085775546621,0.3333333333333333,0.5841892883345562,39,2,K04345;K00274,K04345;K00274
ko00404,-0.9172592113768553,-1.1830985915492958,0.2857142857142857,0.5859072261891229,40,1,K18281,K18281
ko00362,-0.3866515176319227,-1.1847808535934425,0.5,0.5898752751283932,106,34,K10218;K01825;K02554;K14333;K01782;K16514;K04073;K23352;K23351;K07535;K10217;K01031;K01615;K00626;K20509;K01666;K07104;K01821;K00074;K00481;K01607;K00252;K00632;K01856;K01692;K16515;K07516;K04107;K00448;K04116;K05783;K05784;K01055;K01857,K01856;K01692;K16515;K07516;K04107;K00448;K04116;K05783;K05784;K01055;K01857
ko04512,-0.9873949579831899,-1.1856250242558308,0.0,0.5917254138888003,65,1,K06237,K06237
ko04611,-0.8435737111060705,-1.187416022929875,0.3333333333333333,0.5958957317336325,90,2,K04345;K05692,K05692
ko01056,-0.7929529658963127,-1.1905205257941978,0.2,0.5978909560780106,9,2,K05551;K12420,K05551;K12420
ko00270,-0.3205084307488781,-1.156332334606837,0.0,0.610509904622157,119,62,K12525;K01920;K16843;K00772;K01611;K17398;K00813;K17462;K17950;K17069;K09758;K12524;K00812;K00024;K01011;K01505;K08968;K00797;K01738;K00640;K08963;K00832;K05396;K00548;K01251;K01740;K14155;K00558;K00641;K00058;K12339;K00826;K00789;K00003;K00928;K00133;K12960;K01761;K10764;K00831;K00026;K17216;K07173;K01243;K16845;K11358;K00651;K01752;K00547;K00016;K01758;K00899;K08965;K00549;K01739;K16846;K17217;K01919;K08969;K01697;K01760;K23304,K12960;K01761;K10764;K00831;K00026;K17216;K07173;K01243;K16845;K11358;K00651;K01752;K00547;K00016;K01758;K00899;K08965;K00549;K01739;K16846;K17217;K01919;K08969;K01697;K01760;K23304
ko04261,-0.7347235693501868,-1.1576469131396807,0.25,0.6143373236624349,95,3,K04345;K05853;K01539,K04345;K05853;K01539
ko04726,-0.7346048165509022,-1.1623941511889107,0.3333333333333333,0.6203421245704136,85,2,K04345;K00274,K04345;K00274
ko00633,-0.32721478528037407,-1.157869415993862,0.0,0.6222134431965687,22,13,K10680;K06281;K11181;K11180;K06282;K10679;K00196;K00198;K00172;K00169;K00170;K00171;K10678,K00198;K00172;K00169;K00170;K00171;K10678
ko00562,-0.4008030847312644,-1.1499727519915808,0.16666666666666666,0.623896089780169,76,17,K03339;K01093;K22232;K03337;K03335;K16044;K22230;K01803;K00010;K03338;K03336;K06606;K01771;K01114;K01858;K00140;K01092,K22230;K01803;K00010;K03338;K03336;K06606;K01771;K01114;K01858;K00140;K01092
ko05110,-0.6986732886249749,-1.1486516554211261,0.5,0.6256822289426123,49,5,K02145;K02147;K04345;K10954;K05692,K10954;K05692
ko04745,-0.9794764059469908,-1.158337314859054,0.0,0.6282932034949643,18,1,K05692,K05692
ko04920,-0.870696621949339,-1.1454383144059506,0.4,0.6291269258987527,53,2,K01897;K01596,K01897;K01596
ko00622,-0.4549827068493192,-1.145982537491925,0.25,0.6329941924705424,34,9,K02554;K04073;K10217;K00055;K01666;K07104;K01821;K05783;K05784,K05783;K05784
ko05215,0.8968410912039603,1.5660934207049784,0.0,0.6376494037501962,81,3,K06276;K04079;K09487,K06276
ko04210,0.6562143758464565,1.4088253699819475,0.0,0.6395715606209322,110,5,K10798;K06276;K08852;K01173;K05692,K10798;K06276
ko05133,0.8040029652071492,1.5984286878089515,0.0,0.6395796895967656,79,12,K07345;K07389;K12688;K07347;K07690;K07679;K12973;K12340;K11003;K07326;K11004;K15125,K07345;K07389;K12688;K07347;K07690;K07679;K12973
ko00350,0.6913252324018767,1.636132753829988,0.0,0.6432118397009386,81,28,K00483;K00455;K00484;K01826;K05921;K02509;K00151;K00276;K13574;K01668;K00121;K00450;K00813;K00812;K13954;K00055;K00832;K00001;K00457;K00817;K00135;K11358;K16165;K02510;K04072;K00274;K13953;K00129,K00483;K00455;K00484;K01826;K05921;K02509;K00151;K00276
ko05130,0.6408056493431629,1.4755707573929198,0.0,0.6458400171104695,152,5,K22487;K03221;K06185;K00134;K05692,K22487;K03221
ko04621,0.7285732064864985,1.4097982941204685,0.16666666666666666,0.6459672762271415,143,5,K17065;K03462;K04079;K03671;K02406,K17065;K03462
ko04626,0.5970387542275923,1.4969520241084788,0.16666666666666666,0.6470121405535011,86,8,K13408;K13409;K12340;K04079;K00864;K09487;K02406;K02358,K13408
ko03070,0.5778797369863687,1.6650535049322894,0.0,0.6486019594778016,74,61,K03200;K03225;K03204;K03195;K03201;K03199;K03194;K03221;K03203;K11903;K03196;K03230;K11906;K13301;K02456;K03425;K11891;K11892;K02452;K04058;K02462;K11907;K03223;K11904;K03227;K02461;K12340;K03228;K02457;K12257;K02460;K02459;K03072;K03071;K03118;K03075;K11003;K03116;K03222;K03217;K03205;K03070;K03076;K03073;K02455;K03229;K03110;K03117;K03219;K11912;K03106;K03226;K03210;K11004;K02453;K03074;K03224;K02458;K02454;K11915;K02464,K03200;K03225;K03204;K03195;K03201;K03199;K03194;K03221;K03203;K11903;K03196;K03230;K11906;K13301
ko00621,0.6333051135872821,1.4196814372781124,0.16666666666666666,0.6486358613403849,31,5,K02554;K04073;K01666;K00480;K01821,K02554;K04073
ko00542,0.8456691867806618,1.33543262098277,0.25,0.6508055013357559,35,2,K12993;K02851,K12993
ko05231,0.6344972518589959,1.4468394326863188,0.0,0.6509894195118886,61,3,K06276;K00901;K00968,K06276;K00901;K00968
ko04212,0.8030810877400277,1.4277839221662867,0.0,0.6521380448233192,57,7,K10798;K00799;K03781;K04564;K04077;K04043;K01358,K10798;K00799
ko03440,0.47636128609854955,1.3603760289290148,0.14285714285714285,0.6526924310851163,72,32,K10875;K02345;K02317;K03583;K10877;K02686;K04067;K02344;K07466;K02339;K03582;K07462;K03550;K04066;K03584;K03763;K03581;K03655;K02337;K03629;K03551;K03111;K02340;K06187;K03553;K02342;K02338;K02341;K02335;K02343;K01159;K10901,K10875;K02345;K02317;K03583;K10877;K02686;K04067;K02344;K07466;K02339
ko03410,0.4745104519235435,1.366438378437154,0.14285714285714285,0.6545813593478917,43,22,K10798;K05522;K10771;K10563;K04799;K01151;K03660;K07462;K10747;K01247;K01246;K10800;K21929;K01972;K01142;K02335;K10773;K13529;K03575;K03648;K03652;K03649,K10798
ko05223,0.9382676147382032,1.339949226863603,0.0,0.6555045066313158,60,1,K06276,K06276
ko00360,0.5915210625207624,1.6913835721033434,0.0,0.6558086479164439,77,43,K05708;K05709;K05711;K05713;K05710;K05712;K00276;K05714;K02613;K03782;K00529;K02609;K15866;K02618;K02554;K02611;K13574;K02615;K04073;K00146;K02612;K00813;K00812;K03825;K00055;K02614;K01666;K00832;K01912;K00285;K02610;K10797;K00074;K00457;K01426;K00817;K01451;K11358;K00824;K01692;K00274;K00129;K18361,K05708;K05709;K05711;K05713;K05710;K05712;K00276;K05714;K02613;K03782;K00529;K02609;K15866;K02618;K02554
ko00941,0.9261473820297351,1.3467594115711783,0.0,0.6573842369800021,27,1,K00588,K00588
ko00906,0.568618920556845,1.3675088232721624,0.0,0.6580044914982356,56,6,K09846;K09835;K10027;K02291;K10212;K17819,K09846;K09835;K10027
ko00565,-0.6529847805582283,-1.1357922702755558,0.0,0.6597902550602045,31,3,K01058;K01114;K00803,K01114;K00803
ko05145,0.8495501349635555,1.3252057750189217,0.0,0.6603334165092266,95,2,K06276;K03283,K06276
ko05131,0.7707918709295782,1.7733459438072408,0.0,0.6623193577806376,205,11,K13287;K13285;K22487;K07345;K03221;K00844;K02406;K02977;K02927;K05692;K08770,K13287;K13285;K22487;K07345;K03221
ko04530,-0.8435737111060705,-1.1239737271529935,0.5,0.664759659376623,106,2,K04345;K05692,K05692
ko00195,0.735287034786699,2.003393732139998,0.0,0.6681103625280719,63,13,K02704;K02690;K02705;K02703;K02689;K02109;K02108;K02112;K02114;K02111;K02115;K02110;K02113,K02704;K02690;K02705;K02703;K02689
ko04923,-0.7344861021331585,-1.1265336472921055,0.0,0.6688121123190823,46,1,K04345,K04345
ko05100,0.8018483250468362,1.3140800540822044,0.14285714285714285,0.669686507551074,76,8,K13287;K13285;K13735;K13925;K13730;K13734;K13732;K05692,K13287;K13285;K13735
ko00410,-0.35382717356045384,-1.1309467642808806,0.25,0.6718251463085874,44,23,K00276;K01825;K00137;K01782;K00823;K14729;K01918;K07250;K13799;K01579;K00248;K07511;K17722;K01580;K00128;K17723;K01464;K01692;K00140;K15372;K00129;K00822;K01431,K01580;K00128;K17723;K01464;K01692;K00140;K15372;K00129;K00822;K01431
ko05031,-0.7346048165509022,-1.1181309361529754,0.3333333333333333,0.6727806309611153,46,2,K04345;K00274,K04345;K00274
ko05415,-0.42542384682694107,-1.1269738058211645,0.0,0.6747286664811395,160,14,K03942;K00234;K00820;K02132;K00036;K00383;K02133;K00134;K00161;K02256;K00162;K05853;K00412;K00413,K00820;K02132;K00036;K00383;K02133;K00134;K00161;K02256;K00162;K05853;K00412;K00413
ko05132,0.8733530917034138,2.0862895815144205,0.0,0.6757897919824175,217,11,K19984;K13285;K22487;K18015;K03221;K04079;K03671;K09487;K02406;K00134;K05692,K19984;K13285;K22487;K18015;K03221
ko00540,0.48668417402843,1.2981000953561397,0.1111111111111111,0.6810082459745598,62,47,K02840;K19803;K12985;K12983;K12974;K12973;K15669;K02535;K03272;K02844;K07264;K03273;K03276;K12975;K03274;K19353;K02850;K19354;K03271;K09949;K02848;K00713;K02849;K02847;K02517;K00748;K01627;K07031;K00677;K02843;K02536;K12979;K02560;K03270;K16363;K06041;K03269;K02527;K00912;K00979;K02841;K03760;K09778;K21344;K11211;K21345;K03275,K02840;K19803;K12985;K12983;K12974;K12973;K15669;K02535;K03272;K02844;K07264;K03273;K03276;K12975;K03274;K19353;K02850;K19354;K03271;K09949
ko00405,-0.43508488278093127,-1.111524163568804,0.25,0.6823184152604549,16,4,K01658;K20257;K01657;K06998,K01658;K20257;K01657;K06998
ko02026,0.6484429357915312,2.1387679287009216,0.0,0.6836478128194224,61,50,K11531;K02425;K07781;K02402;K04336;K11935;K04334;K14051;K02403;K04333;K07676;K21086;K18968;K07782;K07689;K04335;K21084;K21088;K07648;K21085;K07678;K07687;K03567;K21087;K03087;K07677;K03566;K05851;K21090;K21089;K07773;K11931;K07638;K11936;K11937;K07659;K04761;K01991;K00694;K00703;K03563;K00688;K00975;K12687;K02398;K06204;K07173;K02777;K02405;K10914,K11531;K02425;K07781;K02402;K04336;K11935;K04334;K14051;K02403;K04333;K07676;K21086;K18968;K07782;K07689;K04335;K21084;K21088;K07648;K21085;K07678;K07687;K03567;K21087;K03087;K07677;K03566;K05851;K21090;K21089;K07773;K11931
ko02030,0.5256359113074754,1.2995013387152825,0.0,0.6844226674833027,26,26,K05877;K05876;K05875;K10108;K03776;K05874;K03414;K02557;K10540;K13924;K00575;K03412;K03408;K02556;K10439;K03409;K03411;K03407;K03406;K03413;K03415;K02410;K02416;K12368;K02417;K03410,K05877;K05876;K05875;K10108;K03776;K05874
ko01051,-0.8103935561407878,-1.1081266158532626,0.3333333333333333,0.6882994672876328,32,2,K00615;K16016,K16016
ko00010,-0.15500220266984074,inf,,0.6916907282643567,106,79,K13810;K15916;K02753;K12957;K00138;K01007;K04022;K00121;K00163;K16370;K01568;K01905;K02446;K03841;K16305;K11645;K15778;K16306;K20866;K15634;K00895;K13954;K04041;K00174;K01623;K11532;K00175;K00850;K20118;K22224;K15633;K01610;K21071;K00844;K01895;K00845;K03737;K01006;K15635;K01222;K00001;K01785;K00002;K00927;K01223;K00873;K02779;K01689;K01835;K01803;K01810;K01085;K00627;K01624;K06859;K02791;K00172;K00134;K02777;K00161;K00169;K00170;K00171;K00162;K00016;K00150;K00128;K15779;K00382;K00131;K04072;K01792;K01596;K01834;K13979;K00918;K13953;K00886;K00129,K00627;K01624;K06859;K02791;K00172;K00134;K02777;K00161;K00169;K00170;K00171;K00162;K00016;K00150;K00128;K15779;K00382;K00131;K04072;K01792;K01596;K01834;K13979;K00918;K13953;K00886;K00129
ko00052,-0.22399865233494684,inf,,0.6916907282643567,78,50,K02079;K00094;K12112;K16370;K02080;K01631;K00883;K21620;K10985;K12111;K15778;K01684;K00850;K01190;K21071;K00844;K00845;K21621;K01785;K10986;K10984;K01187;K02775;K07406;K02746;K02747;K01193;K01835;K02773;K08302;K02774;K02745;K16371;K00849;K07407;K00917;K12308;K01182;K00965;K02744;K01854;K17716;K01819;K02786;K15779;K01784;K02788;K01220;K00963;K01635,K02746;K02747;K01193;K01835;K02773;K08302;K02774;K02745;K16371;K00849;K07407;K00917;K12308;K01182;K00965;K02744;K01854;K17716;K01819;K02786;K15779;K01784;K02788;K01220;K00963;K01635
ko00061,-0.38321243615784617,inf,,0.6916907282643567,39,22,K01716;K11262;K00647;K00208;K16363;K02372;K09458;K01962;K02371;K01963;K01961;K00648;K00645;K00059;K02160;K00209;K10780;K01071;K01897;K18474;K11533;K11263,K10780;K01071;K01897;K18474;K11533;K11263
ko00230,-0.27154240853727146,inf,,0.6916907282643567,213,114,K15518;K11177;K11178;K08723;K09913;K01529;K06966;K13483;K00892;K13480;K20881;K01525;K08312;K05851;K07127;K02083;K15519;K01488;K00958;K11176;K01483;K00860;K01241;K15778;K01139;K00856;K00957;K14048;K00769;K00926;K11175;K00940;K00956;K03787;K03783;K00839;K00087;K01839;K01487;K01081;K00527;K04765;K03815;K22026;K01486;K13479;K01768;K01951;K11751;K23270;K01129;K01427;K00951;K01428;K01939;K01923;K01119;K21636;K00602;K00955;K00939;K01429;K00764;K01515;K01945;K23265;K00942;K00759;K01430;K00873;K07816;K01933;K01952;K02428;K01756;K00760;K01588;K06928;K09769;K01835;K00525;K03784;K14977;K00073;K00948;K00088;K08289;K21138;K03816;K00526;K03651;K05873;K23269;K15779;K01524;K11808;K19710;K10353;K08693;K10213;K00364;K11788;K16841;K01239;K15780;K23264;K01589;K13481;K18151;K01466;K01519;K21053;K13482;K22199,K11808;K19710;K10353;K08693;K10213;K00364;K11788;K16841;K01239;K15780;K23264;K01589;K13481;K18151;K01466;K01519;K21053;K13482;K22199
ko00300,-0.37356165578646455,inf,,0.6916907282643567,48,33,K16180;K12525;K05825;K12524;K00290;K10977;K10206;K10978;K03340;K01714;K00821;K01778;K16792;K00215;K01586;K00143;K01928;K01929;K00003;K00928;K00133;K05831;K16793;K15792;K01439;K05823;K05822;K00841;K00674;K17450;K05830;K01705;K14267,K15792;K01439;K05823;K05822;K00841;K00674;K17450;K05830;K01705;K14267
ko02010,-0.29037007163917633,inf,,0.6916907282643567,512,394,K16917;K09996;K08711;K23187;K10538;K07122;K10195;K19230;K10013;K06073;K11953;K17209;K23228;K10109;K06858;K10554;K09999;K10110;K19229;K23227;K02471;K18232;K11604;K23186;K10001;K10016;K10108;K23185;K10107;K15551;K09997;K09688;K17062;K10003;K18895;K02196;K10002;K10537;K11607;K19227;K10014;K19976;K19975;K11084;K06726;K06159;K02002;K10015;K19228;K11605;K15554;K02000;K23188;K09998;K11074;K06074;K09971;K16961;K10544;K11606;K02001;K23184;K19079;K12292;K19226;K15553;K10000;K13409;K08712;K07323;K17074;K05773;K19349;K13892;K02195;K17210;K02048;K23181;K11601;K11075;K10541;K16013;K09808;K12369;K10004;K17076;K02193;K07091;K09695;K02066;K09814;K10829;K05776;K10233;K11076;K11720;K17073;K02067;K16012;K19973;K10543;K02194;K09970;K05845;K17244;K09810;K16916;K02063;K18216;K23183;K10545;K05847;K16907;K02065;K09969;K10017;K23182;K10539;K05846;K11070;K17214;K10558;K17207;K02045;K17063;K10542;K18889;K15555;K02064;K23064;K15585;K13893;K17246;K10540;K02042;K02012;K17325;K09694;K15586;K10234;K06861;K11069;K13894;K10237;K09816;K23163;K11085;K09817;K15587;K06857;K02041;K02046;K18890;K13895;K02047;K03523;K13896;K12371;K10189;K11071;K11072;K11960;K17234;K09689;K09690;K16201;K12372;K18231;K16921;K09692;K10824;K15584;K23057;K15579;K10556;K17319;K10111;K10190;K15497;K20344;K17320;K23060;K10439;K02044;K19083;K17318;K10192;K12370;K17215;K02062;K09697;K10831;K11952;K11631;K05816;K20490;K20491;K10562;K02020;K09815;K10441;K10555;K02011;K10823;K02010;K18893;K10025;K20492;K10199;K10242;K09811;K02017;K09691;K09972;K15583;K10551;K10200;K18217;K10202;K02037;K19340;K02040;K02018;K12536;K18104;K10201;K11004;K02007;K15772;K05814;K16905;K10440;K02036;K17204;K02038;K15578;K09693;K10112;K17077;K05815;K09696;K10550;K05772;K10198;K10188;K10194;K23059;K10119;K16963;K19309;K20460;K07335;K20459;K14698;K15582;K10241;K17242;K15770;K17206;K10553;K18230;K17236;K11051;K19310;K11073;K12541;K17245;K20461;K18888;K12368;K10010;K10830;K13890;K15581;K17324;K17235;K09812;K16785;K17316;K10118;K17240;K16786;K13889;K10023;K02006;K05658;K16787;K10559;K02009;K11050;K02008;K14699;K10117;K15771;K18887;K10193;K10039;K10547;K19972;K10232;K10546;K05685;K16906;K10040;K10560;K01995;K01996;K10041;K01997;K01999;K17213;K05813;K16202;K19971;K11080;K10561;K15580;K01998;K16200;K11603;K02073;K11708;K13891;K02071;K10548;K10094;K23058;K10235;K10549;K15577;K10009;K02072;K05665;K19350;K10238;K02424;K17203;K11959;K11958;K15552;K17331;K10019;K10038;K18892;K16962;K17314;K17243;K06160;K10021;K10557;K17202;K11957;K17241;K18891;K11963;K17328;K10036;K11707;K17315;K16960;K16915;K10037;K16199;K11961;K17327;K16920;K10191;K10007;K17326;K16014;K10008;K16784;K10006;K11709;K11710;K11962;K15599;K11602;K10005;K15600;K17317;K17329;K15598;K17238;K17330;K10228;K16959;K16958;K16957;K10240;K11706;K11705;K11704;K16783,K17235;K09812;K16785;K17316;K10118;K17240;K16786;K13889;K10023;K02006;K05658;K16787;K10559;K02009;K11050;K02008;K14699;K10117;K15771;K18887;K10193;K10039;K10547;K19972;K10232;K10546;K05685;K16906;K10040;K10560;K01995;K01996;K10041;K01997;K01999;K17213;K05813;K16202;K19971;K11080;K10561;K15580;K01998;K16200;K11603;K02073;K11708;K13891;K02071;K10548;K10094;K23058;K10235;K10549;K15577;K10009;K02072;K05665;K19350;K10238;K02424;K17203;K11959;K11958;K15552;K17331;K10019;K10038;K18892;K16962;K17314;K17243;K06160;K10021;K10557;K17202;K11957;K17241;K18891;K11963;K17328;K10036;K11707;K17315;K16960;K16915;K10037;K16199;K11961;K17327;K16920;K10191;K10007;K17326;K16014;K10008;K16784;K10006;K11709;K11710;K11962;K15599;K11602;K10005;K15600;K17317;K17329;K15598;K17238;K17330;K10228;K16959;K16958;K16957;K10240;K11706;K11705;K11704;K16783
ko02024,-0.2189323811475126,inf,,0.6916907282643567,282,129,K11530;K11531;K18307;K20333;K07781;K02402;K02490;K14051;K02403;K20482;K07782;K07711;K20385;K20339;K08321;K07715;K07800;K12295;K20485;K20340;K01497;K20266;K11031;K20374;K07645;K20331;K09823;K12292;K12294;K20486;K12293;K20484;K10912;K20529;K01728;K02250;K18139;K12257;K10558;K03071;K01658;K14645;K20257;K07666;K13815;K03075;K15656;K10556;K07813;K20344;K20345;K03217;K20490;K20491;K20487;K03070;K03076;K10555;K10823;K20492;K01657;K07699;K03073;K15583;K10909;K07344;K03110;K20488;K03106;K11752;K03210;K12990;K10715;K10916;K07667;K14983;K06998;K15582;K20533;K15654;K03666;K07173;K15581;K14982;K20483;K20480;K20265;K07706;K20343;K20263;K01995;K01996;K09936;K01997;K01999;K07707;K01218;K01580;K02035;K15580;K01998;K02033;K01114;K02034;K01897;K20341;K02031;K20373;K20531;K01626;K02054;K13075;K02052;K10557;K02055;K02032;K11216;K02053;K12296;K20530;K20527;K20342;K10914;K20528;K20532;K20489;K15655;K01635;K20276,K20265;K07706;K20343;K20263;K01995;K01996;K09936;K01997;K01999;K07707;K01218;K01580;K02035;K15580;K01998;K02033;K01114;K02034;K01897;K20341;K02031;K20373;K20531;K01626;K02054;K13075;K02052;K10557;K02055;K02032;K11216;K02053;K12296;K20530;K20527;K20342;K10914;K20528;K20532;K20489;K15655;K01635;K20276
ko05020,-0.2579261313192607,inf,,0.6916907282643567,209,11,K03942;K00234;K04565;K09490;K02132;K03283;K02133;K04345;K02256;K00412;K00413,K02133;K04345;K02256;K00412;K00413
ko03420,0.5004892306476045,1.2822354472900648,0.14285714285714285,0.6933349374398461,47,13,K10844;K10754;K10841;K07466;K10747;K03723;K03702;K03657;K03703;K03701;K01972;K02335;K10843,K10844;K10754;K10841;K07466
ko00364,-0.589177038919212,-1.1040745446342224,0.0,0.6991219558374554,18,4,K01061;K01856;K05783;K05784,K01856;K05783;K05784
ko04728,-0.7346048165509022,-1.101588199909888,0.25,0.6998798020636581,84,2,K04345;K00274,K04345;K00274
ko00960,0.5855674151940271,1.2624977511860205,0.2857142857142857,0.7024703240295156,26,7,K00276;K01582;K00813;K00812;K00832;K00817;K11358,K00276;K01582
ko02025,0.4256623456147403,1.2711657929972455,0.14285714285714285,0.7040920331269288,90,47,K21024;K02658;K11903;K11902;K13491;K21021;K11901;K11900;K11893;K07689;K11895;K07678;K11891;K02657;K21023;K20973;K20976;K11907;K20968;K21020;K20977;K01658;K20974;K03563;K20257;K02660;K11890;K20971;K01768;K02398;K01657;K10941;K11912;K12990;K21019;K12992;K16011;K20997;K02405;K03651;K11444;K06596;K21011;K10914;K21012;K11915;K13490,K21024;K02658;K11903;K11902;K13491;K21021;K11901;K11900;K11893;K07689;K11895;K07678;K11891
ko04664,0.9382676147382032,1.2625169883120404,0.0,0.7086323444157393,47,1,K06276,K06276
ko00981,-0.843244990303811,-1.0978989449637802,0.42857142857142855,0.7087307410124725,18,1,K00128,K00128
ko04014,0.9561165947474927,1.2516941638727506,0.0,0.7100406099443636,180,2,K10632;K04345,K10632
ko03022,0.671865254941788,1.2540054428352718,0.14285714285714285,0.7128704656334008,36,3,K10844;K03124;K10843,K10844;K03124
ko05225,-0.6318693580557828,-1.0931211153157927,0.4,0.7131781773074857,116,3,K00799;K00355;K05692,K00355;K05692
ko00473,-0.6576649417852605,-1.089593407259809,0.25,0.7153338224504768,6,5,K01775;K14188;K01921;K03367;K00824,K01775;K14188;K01921;K03367;K00824
ko04010,-0.6536285760466066,-1.0876543137056,0.5,0.7158896373863358,235,2,K03283;K04345,K03283;K04345
ko04217,-0.5570269102066673,-1.0843647579449558,0.3333333333333333,0.7179750550256787,97,6,K17065;K04079;K00688;K01915;K00261;K03767,K00261;K03767
ko04510,-0.6828919690786226,-1.0933025871480802,0.2,0.719002201027146,149,3,K06276;K05692;K06237,K05692;K06237
ko00601,0.9324499030381385,1.2429317680004295,0.25,0.7195532427420976,27,1,K00709,K00709
ko00740,0.44678308861437505,1.2098687331002655,0.2222222222222222,0.7312743387299128,49,25,K00484;K05368;K02858;K14379;K00299;K03788;K20862;K01497;K19286;K01093;K21063;K09474;K20861;K14652;K00794;K00793;K14394;K04719;K11752;K11753;K19285;K21064;K22393;K14654;K22394,K00484;K05368;K02858;K14379;K00299;K03788;K20862;K01497;K19286;K01093;K21063;K09474;K20861
ko04660,0.9382676147382032,1.2100875364735297,0.2,0.7372683906867155,86,1,K06276,K06276
ko04668,0.862314156431804,1.2187749819178488,0.3333333333333333,0.7400117634477595,92,1,K17065,K17065
ko04142,0.5076729300412686,1.2131018400786975,0.25,0.7408373701137723,105,14,K01565;K01134;K14379;K13444;K01205;K12373;K01206;K01197;K01192;K01186;K01444;K01195;K01201;K01135,K01565;K01134;K14379
ko05417,0.6033526804514837,1.2025286057585103,0.5,0.7413869829343764,159,8,K06276;K08852;K09490;K04564;K04079;K09487;K04077;K03283,K06276;K08852
ko04213,0.5542878798960522,1.2006519940067977,0.2857142857142857,0.7433968559512351,58,8,K11121;K04565;K03781;K04564;K01768;K03695;K03283;K04345,K11121
ko00940,0.6748987280096264,1.218887942805217,0.0,0.7462303496952197,38,6,K03782;K00588;K03186;K05349;K01188;K05350,K03782;K00588
ko05226,-0.7926297074511858,-1.0731488072990119,0.75,0.7537439040179534,108,2,K05658;K08734,K05658;K08734
ko04750,-0.7344861021331585,-1.074011059123777,0.4,0.7581557862315946,68,1,K04345,K04345
ko00030,-0.28364497738564837,-1.0655108168796876,0.0,0.7599892770472374,85,58,K13810;K15916;K17464;K00117;K01690;K05774;K16370;K00090;K02446;K03841;K16305;K03738;K11645;K15778;K16306;K00895;K04041;K01623;K01839;K11532;K00850;K01619;K21071;K07404;K01808;K00615;K00034;K00874;K01625;K17465;K17467;K08093;K01783;K00036;K01835;K01810;K11529;K01624;K06859;K00948;K17466;K00033;K00616;K06151;K06152;K15779;K00131;K00852;K01057;K08094;K17468;K01621;K01807;K01053;K00918;K11441;K00851;K22199,K06151;K06152;K15779;K00131;K00852;K01057;K08094;K17468;K01621;K01807;K01053;K00918;K11441;K00851;K22199
ko04970,-0.7347235693501868,-1.0672540259784513,0.5,0.7613844389517697,64,3,K04345;K01539;K01176,K04345;K01539;K01176
ko05211,-0.7703619909502236,-1.0542184217315986,0.3333333333333333,0.7732393497027585,56,1,K01679,K01679
ko05162,-0.6535229476405925,-1.0563343491510666,0.3333333333333333,0.7732665180857985,117,1,K03283,K03283
ko04961,-0.7346048165509022,-1.056798530247437,0.6666666666666666,0.780630961115187,33,2,K04345;K01539,K04345;K01539
ko00780,0.5086321391290864,1.1763238812476655,0.2222222222222222,0.7841585570170748,23,15,K02170;K08351;K01906;K09789;K00647;K01935;K02169;K00208;K00652;K00833;K02372;K01012;K09458;K00059;K03524,K02170;K08351;K01906;K09789;K00647;K01935;K02169;K00208;K00652;K00833;K02372;K01012;K09458
ko05163,-0.7344861021331585,-1.0390946502057614,0.5,0.7882428466617756,192,1,K04345,K04345
ko04935,-0.7344861021331585,-1.0408396946564886,0.3333333333333333,0.7884039578830481,91,1,K04345,K04345
ko04912,-0.7344861021331585,-1.0422519062087943,0.5,0.7899686520376175,64,1,K04345,K04345
ko04911,-0.7346048165509022,-1.0472948852458244,0.5,0.7903317844623788,68,2,K04345;K01539,K04345;K01539
ko04550,0.9182288299935362,1.1710634789777403,0.0,0.7906097878284944,114,1,K14439,K14439
ko04927,-0.7344861021331585,-1.043468278870437,0.6666666666666666,0.7915620561766744,54,1,K04345,K04345
ko03040,0.5475984989707772,1.164120682892846,0.4,0.7919660377076945,123,6,K12733;K12823;K12856;K12811;K03283;K12858,K12733;K12823
ko05204,0.9086942469295414,1.1652437002652511,0.2,0.7957671639396856,29,1,K00799,K00799
ko00440,0.5089036755967628,1.156861616140887,0.2,0.7964462871103873,43,17,K06163;K06166;K06165;K09994;K06162;K06164;K05780;K00968;K06167;K03430;K05306;K01841;K09459;K20859;K03823;K00206;K19670,K06163;K06166;K06165;K09994;K06162;K06164;K05780
ko05032,-0.7344861021331585,-1.0325321459402972,0.2,0.7976288639713283,64,1,K04345,K04345
ko04016,-0.5228556641815467,-1.0054076365863083,0.6666666666666666,0.8016749279745181,54,3,K00940;K03781;K17686,K17686
ko00660,-0.3404739055249368,-1.006807378189703,0.5,0.8057202650854551,29,15,K10218;K11258;K01846;K09011;K19268;K04835;K01653;K01703;K01652;K01704;K00052;K01902;K18288;K01903;K01575,K01902;K18288;K01903;K01575
ko05202,0.8492243051066584,1.122246628836414,0.2857142857142857,0.8091482540627747,162,1,K12823,K12823
ko04144,-0.6759530506948656,-1.0073523060326475,0.5,0.8111057887620284,169,3,K03283;K12472;K12479,K12472;K12479
ko04062,-0.7344861021331585,-1.0188679245283019,0.5,0.81419030030106,162,1,K04345,K04345
ko04722,0.9382676147382032,1.1434479702616867,0.125,0.8148469241563746,90,1,K06276,K06276
ko00945,0.9261473820297351,1.1226615299226217,0.16666666666666666,0.8150116472081571,12,1,K00588,K00588
ko00910,-0.27326146870919166,-1.0081497374034896,0.75,0.8152971386647103,65,40,K02586;K00260;K15371;K00372;K00363;K00360;K00362;K01455;K02568;K03385;K00926;K02567;K15876;K02588;K00368;K05601;K15579;K00266;K00284;K01725;K22899;K00265;K00264;K01915;K01674;K15578;K00262;K00366;K00459;K01673;K02575;K00376;K15577;K01501;K00371;K00370;K00261;K00374;K02591;K04561,K02575;K00376;K15577;K01501;K00371;K00370;K00261;K00374;K02591;K04561
ko05014,-0.3616998171508027,-1.0199750251870507,0.3333333333333333,0.8185907046476761,280,14,K08852;K03942;K00432;K00234;K04565;K09490;K03781;K02132;K02133;K02256;K13525;K00412;K00413;K05692,K13525;K00412;K00413;K05692
ko04011,0.6484575406939761,1.126352216766268,0.3333333333333333,0.8196984279756176,91,5,K06276;K11233;K08294;K11231;K03781,K06276;K11233;K08294;K11231
ko04152,0.5274415615996404,1.1229070308950089,0.5,0.8204032981366606,84,7,K06276;K11262;K03234;K03841;K00021;K00850;K01596,K06276;K11262;K03234;K03841;K00021
ko02060,-0.30333337277164424,-1.008546195416999,0.5,0.8221483751240776,71,66,K08485;K02753;K17464;K08484;K11192;K10985;K11183;K02759;K02804;K02784;K02806;K20118;K00882;K19509;K19506;K02761;K02771;K10986;K10984;K17465;K17467;K19507;K02769;K02775;K02760;K02770;K02810;K02815;K02779;K02768;K19508;K02813;K02814;K02746;K02747;K02782;K02783;K08483;K02773;K02795;K02774;K02745;K20112;K02796;K02750;K02791;K11200;K02798;K17466;K02777;K02781;K02744;K02812;K20108;K02800;K02794;K02793;K02786;K02757;K02819;K02788;K03475;K02822;K02821;K20113;K20114,K02779;K02768;K19508;K02813;K02814;K02746;K02747;K02782;K02783;K08483;K02773;K02795;K02774;K02745;K20112;K02796;K02750;K02791;K11200;K02798;K17466;K02777;K02781;K02744;K02812;K20108;K02800;K02794;K02793;K02786;K02757;K02819;K02788;K03475;K02822;K02821;K20113;K20114
ko04360,0.9382676147382032,1.127232720683406,0.6666666666666666,0.823507883886453,128,1,K06276,K06276
ko02020,0.3361863900598855,1.1133868806972615,0.2,0.8235482836060314,495,368,K05877;K07688;K07683;K05876;K08475;K23236;K08476;K07796;K11614;K07686;K05966;K02658;K07781;K07690;K07703;K07786;K00424;K09476;K02402;K00405;K08478;K02490;K05339;K07810;K07639;K02403;K02488;K07679;K13491;K07637;K07643;K08350;K01545;K05875;K07676;K07702;K11616;K07771;K19641;K07700;K20482;K11525;K07701;K07782;K07689;K06080;K07660;K18324;K13041;K07772;K18326;K07711;K11615;K20339;K08348;K07792;K07641;K07648;K07675;K10001;K07647;K07678;K07687;K07673;K14987;K07803;K07674;K00404;K07715;K07640;K07800;K10003;K10002;K12295;K07661;K07663;K19611;K03776;K11712;K20485;K20340;K05874;K05964;K07677;K07784;K07795;K03532;K07714;K08349;K16692;K07806;K07708;K00066;K07709;K00247;K07165;K09475;K11692;K07645;K07811;K01113;K03533;K18323;K02657;K07773;K07650;K19079;K12292;K11690;K11103;K12294;K07783;K14979;K20973;K11233;K10943;K07672;K11357;K07798;K07787;K07705;K01547;K07644;K07777;K09474;K18352;K20486;K20976;K11626;K07696;K07717;K11601;K07685;K11354;K07684;K07710;K05338;K02106;K01548;K18987;K11231;K10004;K07656;K00425;K12531;K08641;K12293;K07712;K18347;K20484;K07638;K11384;K07693;K06281;K07642;K00689;K12340;K10912;K07662;K11443;K20977;K13587;K07694;K07789;K07788;K17061;K18345;K07659;K00426;K01425;K19081;K07797;K01546;K14988;K13040;K19692;K07713;K18322;K11689;K03092;K00626;K01991;K00246;K20974;K07636;K02668;K07769;K07260;K03563;K14989;K03620;K07666;K08357;K01035;K13924;K14986;K02660;K19691;K00575;K07719;K07664;K13815;K00692;K11329;K18344;K18094;K01791;K19609;K03412;K03408;K06282;K04771;K07716;K07720;K07718;K14978;K07813;K02406;K02556;K10681;K19083;K10697;K11526;K00027;K02584;K01644;K07658;K07770;K09697;K04751;K18350;K07646;K01643;K11631;K20490;K20491;K20487;K01910;K15739;K07657;K02398;K20492;K03407;K02313;K08083;K07699;K18349;K00245;K11356;K10941;K10909;K07793;K11635;K00244;K20488;K01051;K07704;K08358;K07665;K11520;K01179;K14188;K07774;K02040;K22501;K01915;K02667;K08479;K05597;K01104;K18348;K03406;K10715;K01646;K09696;K10916;K07649;K14980;K01034;K07667;K18095;K14205;K02472;K03413;K14983;K13584;K03415;K18941;K10682;K13927;K19610;K14981;K03739;K02405;K10126;K14982;K07775;K20483;K18346;K18856;K19078;K07706;K03367;K20263;K07653;K03740;K07651;K11691;K07668;K11444;K13599;K19082;K07671;K11630;K07707;K07669;K18986;K06596;K07652;K11603;K00373;K07799;K11521;K08082;K11711;K11629;K02489;K07695;K10125;K11328;K07778;K00412;K11617;K10942;K11618;K00413;K07670;K01467;K01077;K07794;K07654;K11383;K11688;K12530;K02650;K12296;K00371;K11636;K00370;K18940;K13598;K10914;K07776;K18866;K00374;K13490;K08372;K00990;K11382;K07768;K20489;K13533;K02259;K11602;K09477;K19621;K18351;K18321,K05877;K07688;K07683;K05876;K08475;K23236;K08476;K07796;K11614;K07686;K05966;K02658;K07781;K07690;K07703;K07786;K00424;K09476;K02402;K00405;K08478;K02490;K05339;K07810;K07639;K02403;K02488;K07679;K13491;K07637;K07643;K08350;K01545;K05875;K07676;K07702;K11616;K07771;K19641;K07700;K20482;K11525;K07701;K07782;K07689;K06080;K07660;K18324;K13041;K07772;K18326;K07711;K11615;K20339;K08348;K07792;K07641;K07648;K07675;K10001;K07647;K07678;K07687;K07673;K14987;K07803;K07674;K00404;K07715;K07640;K07800;K10003;K10002;K12295;K07661;K07663;K19611;K03776;K11712;K20485;K20340;K05874;K05964;K07677;K07784;K07795;K03532;K07714;K08349;K16692;K07806;K07708;K00066;K07709;K00247;K07165;K09475;K11692;K07645;K07811;K01113;K03533;K18323;K02657;K07773;K07650;K19079;K12292;K11690;K11103;K12294;K07783;K14979;K20973;K11233;K10943;K07672;K11357;K07798;K07787;K07705;K01547;K07644;K07777;K09474;K18352;K20486;K20976;K11626;K07696;K07717;K11601;K07685;K11354
ko00513,0.7286187773877364,1.1346438882070782,0.25,0.8238353342451412,52,2,K07151;K12373,K07151
ko03430,0.3796979203627746,1.132225905645607,0.375,0.8239552957062618,44,30,K02345;K10754;K10857;K01141;K10858;K02344;K07466;K02339;K03572;K03555;K07462;K10747;K07456;K03763;K08736;K02337;K03601;K03111;K02340;K03602;K03657;K02342;K01972;K02338;K02341;K06223;K02343;K03573;K08735;K08734,K02345;K10754;K10857;K01141;K10858;K02344;K07466;K02339
ko00983,-0.33711988526885767,-1.0125481763560789,0.5,0.8243505088699512,32,17,K03782;K00799;K00757;K00940;K03927;K00876;K01489;K01951;K00857;K00758;K00760;K01195;K01520;K00088;K01464;K01519;K01431,K01519;K01431
ko05418,-0.5849935265253273,-1.0219485537814066,0.6666666666666666,0.8244198169672163,99,7,K00799;K04079;K03671;K09487;K01940;K00355;K05692,K00355;K05692
ko01053,0.4508422791887921,1.1042870948610732,0.3333333333333333,0.8249594486360609,37,19,K01252;K04782;K02362;K04783;K02364;K00216;K02363;K04785;K02361;K04781;K04784;K04789;K12240;K04792;K04786;K02552;K04780;K04788;K12239,K01252;K04782;K02362;K04783;K02364;K00216;K02363;K04785;K02361;K04781;K04784;K04789
ko05143,-0.3892166356580111,-1.0087326468119169,0.3333333333333333,0.8291157342352985,41,3,K01392;K14475;K01354,K14475;K01354
ko04622,0.7855180216583051,1.1057038013053422,0.5,0.8291558784855427,53,2,K00863;K11594,K00863;K11594
ko04910,0.46297782965153356,1.1349042346072937,0.125,0.8294980604893982,88,9,K06276;K02991;K11262;K03841;K07192;K00688;K00844;K04345;K01596,K06276;K02991;K11262;K03841
ko04380,0.8804137039431161,1.1063613748286536,0.25,0.834494888474779,99,1,K14379,K14379
ko04072,0.6876212023270858,1.0910256410256405,0.5,0.8383194310768903,108,1,K00901,K00901
ko05207,0.7159677249105941,1.0832633438967199,0.375,0.8467558328631642,129,4,K00799;K04079;K09487;K04345,K00799
ko04140,0.7149055629129788,1.067629760049682,0.5,0.8536541546358679,110,3,K06276;K08852;K04345,K06276;K08852
ko04150,0.6791188563162195,1.0756034965626282,0.4,0.85821456352921,117,4,K06276;K02991;K02145;K02147,K06276;K02991
ko02040,0.38475766401619527,1.0682786498104104,0.42857142857142855,0.8583584715125755,55,47,K02399;K02425;K02402;K03516;K02403;K02423;K02391;K02393;K02386;K02395;K02394;K10943;K02557;K03092;K02411;K13820;K02422;K02415;K02396;K02406;K02556;K02397;K02420;K03086;K02398;K10941;K02407;K02412;K02401;K02388;K02410;K02416;K02392;K02387;K02414;K02400;K02417;K02405;K02409;K02389;K02419;K02390;K02408;K02421;K02413;K02418;K02424,K02399;K02425;K02402;K03516;K02403;K02423;K02391;K02393
ko05140,0.7204266321913391,1.0520105720218988,0.2,0.8592469449062327,59,1,K03231,K03231
ko04614,0.7828246115090198,1.07282996531963,0.4,0.860687168675619,22,2,K01392;K01322,K01392
ko04721,0.6067545384208475,1.068647642263896,0.3333333333333333,0.8631263602389685,55,3,K06027;K02145;K02147,K06027;K02145
ko05171,0.5690763566416301,1.0528767116023618,0.375,0.8638648272911987,220,12,K02924;K02984;K02987;K02991;K02885;K02877;K02995;K02930;K02883;K02866;K02977;K02927,K02924;K02984;K02987;K02991;K02885;K02877;K02995
ko04916,-0.7344861021331585,-0.9920548304011874,0.4,0.8652677916360969,67,1,K04345,K04345
ko04340,-0.7344861021331585,-0.9962298890885976,0.6,0.8660331810759,45,1,K04345,K04345
ko00480,0.42937502075857203,1.0543527416329026,0.4444444444444444,0.8690458099049357,56,23,K07232;K01460;K00799;K07751;K01920;K01581;K06048;K23124;K01469;K00432;K01270;K00797;K01255;K00036;K00383;K00031;K00681;K00033;K23123;K15428;K01256;K07160;K01919,K07232;K01460;K00799;K07751;K01920;K01581;K06048;K23124;K01469
ko04068,0.5576597672260418,1.0551059596662449,0.16666666666666666,0.8722727533479084,102,4,K06276;K03781;K04564;K01596,K06276
ko00400,0.3626325085899355,1.0418669722111018,0.3,0.8734080536496011,71,48,K13832;K05358;K06208;K14187;K13503;K01713;K05887;K13853;K13501;K11646;K00813;K16305;K16306;K04516;K01609;K00812;K00891;K06001;K04518;K01658;K13497;K00832;K03785;K06209;K01735;K03856;K01694;K01695;K01657;K00766;K00800;K00014;K01817;K01736;K01696;K00817;K14170;K13830;K11358;K03786;K04517;K00220;K13498;K01626;K01656;K17749;K13829;K04092,K13832;K05358;K06208;K14187;K13503;K01713
ko00984,-0.4172270870906232,-0.9877927697580857,0.3333333333333333,0.8767424798239178,15,5,K05898;K05296;K16051;K16050;K18687,K18687
ko00332,-0.6545983513819874,-0.9703701766525962,0.6,0.8824117921696792,19,2,K00147;K00931,K00147;K00931
ko00254,0.7621202327084688,1.0315282942224167,0.42857142857142855,0.8878770678578186,20,1,K11262,K11262
ko05168,-0.8096315449256598,-0.9709678669715879,0.6,0.8891477600488371,148,1,K03239,K03239
ko00365,-0.7241435035552658,-0.9713852156947756,0.6666666666666666,0.8948021897398273,8,1,K16874,K16874
ko05203,0.5809642984911874,1.0189233982430737,0.6,0.8959686163667597,174,4,K03124;K11594;K00873;K04345,K03124;K11594
ko04214,0.6579921707288662,1.023036841225983,0.25,0.8968120171077449,56,3,K17065;K05770;K03386,K17065
ko00592,-0.5861155917234253,-0.971720639627815,0.5,0.900544285007422,25,3,K01058;K00632;K07513,K00632;K07513
ko04742,-0.7344861021331585,-0.9740379022135137,0.5714285714285714,0.9027650403521642,41,1,K04345,K04345
ko04940,-0.682961571402726,-0.9745118178662998,0.5,0.9098734264966696,25,2,K04077;K01580,K01580
ko04341,-0.7344861021331585,-0.9118815456843625,0.8,0.9141599413059427,26,1,K04345,K04345
ko00966,-0.661063520284526,-0.9190165313366029,0.6666666666666666,0.9160465360025155,21,2,K01703;K00826,K01703;K00826
ko04270,-0.7344861021331585,-0.9125773030278691,0.8,0.9182271637278604,95,1,K04345,K04345
ko04713,-0.7344861021331585,-0.9582205980533399,0.6666666666666666,0.9186392246206124,79,1,K04345,K04345
ko04928,-0.7344861021331585,-0.9148550724637682,0.6666666666666666,0.9213083222621006,85,1,K04345,K04345
ko04216,-0.5932160176266384,-0.9233076249347864,0.6666666666666666,0.9222915138175594,33,2,K00657;K01897,K01897
ko04915,-0.5127988812762807,-0.9194465296370243,0.5714285714285714,0.9223208273449984,77,4,K04079;K09487;K03283;K04345,K03283;K04345
ko00980,-0.44276559409487276,-0.9209125343472132,0.6,0.9233688364915121,34,6,K00799;K00121;K15303;K00001;K13953;K00129,K13953;K00129
ko05214,0.7971881060116361,1.0025607674172832,0.6,0.9239492093469975,54,1,K08794,K08794
ko04914,-0.5483054900884954,-0.8885134881855942,0.8571428571428571,0.9254127510035469,64,2,K04079;K04345,K04345
ko00571,-0.3563684156464194,-0.8974375686446789,1.0,0.9254318682051624,14,11,K22311;K13668;K08256;K16647;K14339;K13671;K14335;K16648;K11387;K13687;K14337,K16648;K11387;K13687;K14337
ko00790,-0.2845215594122452,-0.9246900503139193,1.0,0.9276636789476114,82,44,K18824;K13938;K09007;K01497;K07589;K20967;K01113;K01930;K06897;K03635;K06879;K08310;K00950;K14652;K09457;K01737;K03793;K03639;K03831;K06920;K13950;K03637;K10026;K01633;K01665;K07141;K03752;K00287;K11754;K20457;K00796;K15376;K01495;K03750;K03342;K13818;K02619;K01077;K13941;K13940;K01664;K03638;K13939;K22391,K13818;K02619;K01077;K13941;K13940;K01664;K03638;K13939;K22391
ko04976,-0.44118747235994554,-0.8895201742118664,0.75,0.9283819628647215,62,4,K00021;K04345;K05658;K01539,K04345;K05658;K01539
ko00051,-0.2138120505292345,-0.8782948007921567,0.6666666666666666,0.9302822329745443,111,84,K00064;K15916;K12660;K19270;K07026;K00863;K00881;K00066;K16370;K18337;K00966;K02446;K03841;K16305;K16881;K11645;K15778;K01840;K16306;K00971;K03332;K00895;K04041;K22252;K02377;K01623;K00879;K01711;K00045;K11532;K00850;K12661;K01813;K01729;K00847;K21071;K00844;K01629;K17742;K00882;K05305;K00848;K01808;K02771;K00008;K19355;K01818;K02769;K02770;K02815;K02768;K02813;K02814;K00009;K02782;K01809;K02783;K16011;K01803;K02795;K02796;K21883;K01624;K17195;K02798;K01628;K02781;K02812;K00846;K02800;K19956;K00068;K02794;K02793;K01820;K01805;K01218;K15856;K00007;K18335;K18334;K18333;K18338;K07046,K15856;K00007;K18335;K18334;K18333;K18338;K07046
ko04924,-0.7344861021331585,-0.898825297630819,0.6,0.9304734366233655,50,1,K04345,K04345
ko04913,-0.7344861021331585,-0.9253226922920313,0.6,0.9309414816116064,40,1,K04345,K04345
ko00625,-0.41872717294749845,-0.9510475668032412,0.5,0.9313301431215165,43,13,K01561;K02586;K00121;K13954;K02588;K00001;K01560;K00128;K04072;K13953;K17067;K01563;K02591,K13953;K17067;K01563;K02591
ko04114,-0.7344861021331585,-0.8909435441714585,0.6666666666666666,0.9323834993964926,79,1,K04345,K04345
ko00903,-0.351870345288635,-0.9002924378193933,0.6,0.9325404487006217,12,6,K01825;K01782;K00128;K14731;K01692;K12466,K00128;K14731;K01692;K12466
ko00460,-0.3308574274435834,-0.9451721856194667,0.5,0.9369854080052172,36,10,K01455;K01914;K00600;K01424;K05349;K13051;K00681;K01188;K05350;K01501,K01188;K05350;K01501
ko00730,-0.23699581874362965,-0.92539714753908,1.0,0.937543903467008,36,26,K10810;K14153;K07251;K21219;K00788;K06949;K03150;K00946;K14394;K14154;K22699;K00877;K04487;K01662;K00939;K00949;K03151;K03147;K06928;K00941;K00878;K03149;K03148;K01077;K03707;K03153,K03148;K01077;K03707;K03153
ko00290,-0.26111371620355406,-0.9013814756123754,0.6666666666666666,0.9376958695514861,19,16,K11258;K00263;K00835;K09011;K01653;K01703;K01652;K00826;K01704;K00052;K01649;K01687;K01754;K14260;K00053;K01702,K01703;K01652;K00826;K01704;K00052;K01649;K01687;K01754;K14260;K00053;K01702
ko00982,-0.5243988762545219,-0.9408776804381379,0.6666666666666666,0.9391588623710673,25,6,K00799;K00121;K00001;K00274;K13953;K00129,K00274;K13953;K00129
ko04919,-0.4849753792235889,-0.9263126139221965,0.4,0.9442406456346295,91,7,K06276;K00850;K04345;K05853;K01114;K01539;K05692,K05853;K01114;K01539;K05692
ko04540,-0.7344861021331585,-0.9289919058130979,0.6,0.9466000200573218,60,1,K04345,K04345
ko04310,-0.7344861021331585,-0.8633708505485111,0.75,0.9467185315411343,119,1,K04345,K04345
ko04720,-0.7344861021331585,-0.8594525599205787,1.0,0.9485051357300074,43,1,K04345,K04345
ko04146,-0.3504445239092894,-0.9307862994924643,0.5,0.9489935883122268,73,15,K13339;K01796;K04565;K03781;K00830;K04564;K00031;K03426;K11517;K01640;K00869;K07513;K01897;K13237;K00803,K11517;K01640;K00869;K07513;K01897;K13237;K00803
ko04725,-0.7344861021331585,-0.8551269990592663,0.5,0.9502695460780247,90,1,K04345,K04345
ko04917,-0.7735940530058151,-0.9340487804878049,1.0,0.9502974867590276,57,1,K00965,K00965
ko00240,0.3238989014678695,0.9840884420809091,0.375,0.957306705165223,102,71,K01954;K09024;K08723;K09913;K09021;K08728;K06966;K09018;K09023;K20881;K09019;K09020;K15519;K16066;K00757;K00940;K00254;K03787;K03783;K00876;K13799;K01493;K01081;K03465;K00945;K16330;K11541;K00527;K04765;K22026;K01489;K08722;K11751;K01955;K00857;K00762;K00758;K00610;K01119;K17828;K21636;K02823;K02825;K01465;K01937;K01956;K09903;K09769;K00609;K00525;K01520;K00756;K03784;K17722;K00761;K16329;K01591;K00560;K00526;K00226;K06016;K17723;K01464;K16328;K01485;K00943;K08693;K10213;K01494;K01431;K01240,K01954;K09024;K08723;K09913;K09021;K08728;K06966;K09018;K09023;K20881;K09019;K09020
ko00072,-0.2513732914833831,-0.8445850207674785,1.0,0.9577185402570582,8,8,K01574;K01027;K00626;K01028;K01029;K00019;K01640;K01641,K00019;K01640;K01641
ko04657,-0.49151446581545216,-0.7935913499209377,0.8,0.9622890682318415,81,2,K04079;K09487,K04079;K09487
ko04930,-0.5068692419589812,-0.7947652851077143,0.8333333333333334,0.9669339944847826,37,2,K00844;K00873,K00844;K00873
ko00830,-0.4191619316713513,-0.8358816743792945,0.6,0.9669665884979451,50,4,K00121;K09516;K00001;K13953,K13953
ko04740,-0.7344861021331585,-0.8308451648284687,0.8333333333333334,0.9714045416316232,25,1,K04345,K04345
ko00944,-0.6903684550743351,-0.795975405254332,1.0,0.9716326193071217,15,1,K01195,K01195
ko04139,0.5433167374840998,0.9696353148494428,0.6,0.97317654935766,34,5,K17065;K11233;K08294;K11231;K08955,K17065;K11233;K08294;K11231
ko04080,-0.6018099547511292,-0.8218936217170603,0.6666666666666666,0.9748549323017408,310,1,K05770,K05770
ko04151,-0.4226156904628723,-0.8002031657626767,0.4,0.9757887013939838,263,6,K06276;K02991;K04079;K09487;K01596;K06237,K01596;K06237
ko04921,-0.48566192973519284,-0.7969876224394322,0.8,0.9763858793018138,112,4,K08794;K03234;K04345;K05692,K05692
ko05120,0.49039153075773667,0.9595792394408169,0.5,0.9790363945196635,91,7,K03196;K02145;K14048;K08303;K01428;K02147;K03191,K03196
ko05323,0.6189723777669129,0.9627700952252086,0.6666666666666666,0.9794238683127571,67,3,K14379;K02145;K02147,K14379;K02145
ko04922,-0.392599481641769,-0.8158584484414926,1.0,0.9801200399543883,57,11,K11262;K03841;K00850;K00688;K00873;K04345;K00161;K00162;K00016;K01596;K01834,K04345;K00161;K00162;K00016;K01596;K01834
ko00523,0.4069626971908471,0.9542627573816815,0.5,0.9814471388217252,59,11,K23144;K16436;K20680;K16435;K00973;K13328;K00067;K13327;K17947;K01790;K01710,K23144;K16436
ko05166,-0.6019072248262981,-0.8008075129935401,0.75,0.9815286349315955,188,2,K05770;K04345,K05770;K04345
ko00603,-0.42984157775620496,-0.8015081528471687,1.0,0.9855131605794736,15,3,K12373;K07406;K07407,K12373;K07406;K07407
ko03013,0.3366265911854923,0.9427773677876955,0.5,0.9866414648004918,142,9,K18655;K03231;K03243;K03113;K03242;K00784;K00974;K03239;K14326,K18655;K03231;K03243;K03113
ko00500,-0.2146728144069051,-0.8061416110144577,1.0,0.9899350235698816,106,75,K00701;K13810;K15916;K22934;K00697;K06044;K01087;K01236;K01208;K15778;K21574;K00689;K01838;K02759;K16055;K16146;K05988;K02438;K07405;K01194;K00694;K00703;K05992;K05342;K00692;K00847;K00688;K00844;K00845;K00975;K00978;K00702;K01222;K16153;K02761;K05349;K06896;K01187;K02760;K02810;K16149;K01179;K01223;K01232;K00700;K01193;K01835;K01810;K02750;K06859;K01212;K02791;K01182;K02777;K00691;K20108;K01200;K01188;K01214;K00705;K00690;K05341;K15779;K05350;K01176;K02819;K01226;K22451;K13057;K00963;K05343;K01210;K16147;K16148;K16150,K02750;K06859;K01212;K02791;K01182;K02777;K00691;K20108;K01200;K01188;K01214;K00705;K00690;K05341;K15779;K05350;K01176;K02819;K01226;K22451;K13057;K00963;K05343;K01210;K16147;K16148;K16150
ko00071,-0.3159350316824775,-0.8026468772227278,1.0,0.9904622157006602,58,22,K00529;K01825;K06445;K01782;K00121;K13954;K00626;K05939;K00248;K00001;K07511;K00252;K00632;K00128;K05297;K07513;K01897;K01692;K07516;K04072;K00249;K13953,K00632;K00128;K05297;K07513;K01897;K01692;K07516;K04072;K00249;K13953
ko00261,0.4414537700715167,0.9435579121478759,0.5714285714285714,0.992158349617445,28,11,K12525;K00958;K16422;K12524;K00957;K00956;K01714;K00955;K00215;K00928;K00133,K12525;K00958;K16422;K12524;K00957;K00956
ko04071,0.6467917689196926,0.9231507779505433,0.8333333333333334,0.9984600577478345,82,3,K06276;K12349;K05665,K06276;K12349
ko00073,,,0.0,1.0,14,0,,
ko00196,,,0.0,1.0,42,0,,
ko00232,,,0.0,1.0,16,0,,
ko00331,,,0.0,1.0,5,0,,
ko00363,,,0.0,1.0,2,0,,
ko00402,,,0.0,1.0,8,0,,
ko00403,,,0.0,1.0,13,0,,
ko00512,,,0.0,1.0,15,0,,
ko00522,,,0.0,1.0,59,0,,
ko00532,,,0.0,1.0,18,0,,
ko00533,,,0.0,1.0,14,0,,
ko00534,,,0.0,1.0,22,0,,
ko00563,,,0.0,1.0,27,0,,
ko00901,,,0.0,1.0,30,0,,
ko00902,,,0.0,1.0,41,0,,
ko00904,,,0.0,1.0,68,0,,
ko00905,,,0.0,1.0,11,0,,
ko00942,,,0.0,1.0,16,0,,
ko00943,,,0.0,1.0,18,0,,
ko00999,,,0.0,1.0,26,0,,
ko01052,,,0.0,1.0,127,0,,
ko01057,,,0.0,1.0,72,0,,
ko01058,,,0.0,1.0,2,0,,
ko01059,,,0.0,1.0,73,0,,
ko03230,,,0.0,1.0,93,0,,
ko04012,,,0.0,1.0,69,0,,
ko04060,,,0.0,1.0,273,0,,
ko04061,,,0.0,1.0,121,0,,
ko04064,,,0.0,1.0,97,0,,
ko04075,,,0.0,1.0,45,0,,
ko04130,,,0.0,1.0,35,0,,
ko04136,,,0.0,1.0,23,0,,
ko04215,,,0.0,1.0,40,0,,
ko04218,,,0.0,1.0,117,0,,
ko04320,,,0.0,1.0,28,0,,
ko04330,,,0.0,1.0,33,0,,
ko04350,,,0.0,1.0,83,0,,
ko04370,,,0.0,1.0,39,0,,
ko04392,,,0.0,1.0,25,0,,
ko04514,,,0.0,1.0,101,0,,
ko04610,,,0.0,1.0,81,0,,
ko04620,,,0.0,1.0,76,0,,
ko04623,,,0.0,1.0,51,0,,
ko04624,,,0.0,1.0,57,0,,
ko04625,,,0.0,1.0,82,0,,
ko04630,,,0.0,1.0,139,0,,
ko04640,,,0.0,1.0,80,0,,
ko04650,,,0.0,1.0,93,0,,
ko04658,,,0.0,1.0,67,0,,
ko04662,,,0.0,1.0,58,0,,
ko04666,,,0.0,1.0,64,0,,
ko04672,,,0.0,1.0,37,0,,
ko04710,,,0.0,1.0,24,0,,
ko04711,,,0.0,1.0,11,0,,
ko04712,,,0.0,1.0,27,0,,
ko04730,,,0.0,1.0,45,0,,
ko04744,,,0.0,1.0,18,0,,
ko04929,,,0.0,1.0,51,0,,
ko04950,,,0.0,1.0,26,0,,
ko05033,,,0.0,1.0,27,0,,
ko05144,,,0.0,1.0,67,0,,
ko05160,,,0.0,1.0,112,0,,
ko05169,,,0.0,1.0,172,0,,
ko05170,,,0.0,1.0,163,0,,
ko05212,,,0.0,1.0,63,0,,
ko05216,,,0.0,1.0,34,0,,
ko05217,,,0.0,1.0,48,0,,
ko05218,,,0.0,1.0,50,0,,
ko05220,,,0.0,1.0,63,0,,
ko05221,,,0.0,1.0,57,0,,
ko05224,,,0.0,1.0,105,0,,
ko05235,,,0.0,1.0,73,0,,
ko05310,,,0.0,1.0,20,0,,
ko05320,,,0.0,1.0,25,0,,
ko05321,,,0.0,1.0,54,0,,
ko05330,,,0.0,1.0,22,0,,
ko05332,,,0.0,1.0,22,0,,
ko00361,0.4625142584810997,0.9011697773043087,0.5,1.0,41,6,K01561;K01061;K07104;K01560;K01856;K01563,K01561;K01061
ko00604,0.5702973497091159,0.8568133535660098,0.5,1.0,14,1,K12373,K12373
ko00997,0.38971551778796076,0.8837192680748156,0.5,1.0,33,8,K17835;K21898;K21721;K21949;K03894;K03896;K03897;K03895,K17835
ko05135,0.641147038332977,0.9286639875658661,0.5,1.0,122,2,K13735;K05692,K13735
ko05322,0.7024886877828065,0.9253858435337949,0.5,1.0,45,1,K11089,K11089
ko00310,0.31055169303271724,0.8977248675856878,0.5714285714285714,1.0,89,28,K01825;K01582;K00137;K15737;K01782;K15736;K09251;K01843;K00658;K00290;K01844;K00626;K07250;K01035;K18011;K18012;K07511;K01034;K21672;K01506;K00135;K18014;K00252;K18013;K00824;K00128;K00382;K01692,K01825;K01582;K00137;K15737;K01782;K15736
ko00130,0.3067211768333342,0.8213238701722132,0.6,1.0,59,27,K18800;K03181;K03184;K03809;K03185;K01661;K03182;K19222;K02361;K03183;K01911;K20810;K00568;K03179;K02549;K02552;K11782;K19267;K03186;K18285;K11785;K08680;K11784;K00457;K02551;K02548;K00355,K18800;K03181;K03184;K03809;K03185;K01661;K03182;K19222;K02361
ko04962,0.5741585966248332,0.8545618421679586,0.6,1.0,33,2,K06027;K04345,K06027
ko00330,0.29999691543091545,0.9134120586593668,0.625,1.0,112,59,K09470;K09473;K09472;K01584;K00673;K00137;K01484;K05526;K06447;K01581;K00840;K21624;K01611;K00318;K01473;K09471;K02626;K00819;K01474;K01750;K01777;K10536;K00813;K00294;K23121;K09251;K00613;K00812;K12251;K00657;K13747;K00797;K13821;K01480;K01585;K01476;K10794;K01470;K00147;K12254;K00286;K03343;K01426;K00931;K21672;K01583;K11358;K00824;K00128;K01485;K12256;K10793;K00274;K01259;K12252;K12658;K12255;K22549;K18123,K09470;K09473;K09472;K01584;K00673;K00137;K01484;K05526;K06447;K01581;K00840;K21624;K01611;K00318;K01473;K09471;K02626;K00819;K01474;K01750;K01777;K10536;K00813;K00294;K23121
ko03015,0.5222914304904853,0.8522606498341236,0.625,1.0,63,3,K18655;K03265;K14326,K18655;K03265
ko00510,0.41305866356123333,0.7836745471536772,0.6666666666666666,1.0,45,4,K07151;K00721;K00737;K00729,K07151
ko00514,0.5717517776341321,0.7660772284373883,0.6666666666666666,1.0,31,1,K00728,K00728
ko00590,0.6617100371747136,0.8563637233581114,0.6666666666666666,1.0,45,2,K00432;K01058,K00432;K01058
ko00626,-0.4639900988714851,-0.7609844172306381,0.6666666666666666,1.0,29,6,K00121;K13954;K00480;K00001;K04072;K13953,K04072;K13953
ko00720,0.2600204201490292,0.8071877163120001,0.6666666666666666,1.0,112,70,K14466;K01849;K01848;K00242;K01682;K01007;K00247;K18210;K15024;K14465;K15036;K01847;K18604;K00024;K05606;K00241;K00174;K00176;K01500;K01676;K05299;K18556;K00626;K00175;K15019;K00246;K01678;K01962;K18209;K15022;K01963;K01677;K00197;K01960;K01961;K01959;K00194;K00625;K01895;K01958;K14534;K14138;K03737;K01006;K00196;K00177;K01681;K00245;K00244;K00297;K00239;K00031;K02160;K01938;K00925;K01491;K15023;K00198;K00172;K01679;K00169;K00170;K00240;K00171;K22015;K01902;K15016;K01903;K01595;K13788,K14466;K01849;K01848;K00242;K01682
ko00909,-0.5582673347341628,-0.7461305964615152,0.6666666666666666,1.0,73,2,K06045;K00801,K06045;K00801
ko04966,0.4936381545018739,0.7621901731035462,0.6666666666666666,1.0,17,2,K02145;K02147,K02145
ko05111,0.24198219579507255,0.7258545080530848,0.6666666666666666,1.0,106,43,K10939;K07689;K02456;K07678;K20966;K03557;K03087;K05851;K02452;K02462;K10943;K03606;K10924;K02461;K10912;K20962;K05946;K02457;K02460;K03092;K02459;K00640;K03563;K01912;K01791;K16554;K10941;K10909;K02455;K02779;K02453;K10916;K02472;K03666;K07173;K02777;K02405;K02458;K10942;K02454;K12276;K10914;K20959,K10939;K07689;K02456;K07678;K20966;K03557;K03087;K05851;K02452;K02462;K10943;K03606;K10924;K02461;K10912;K20962;K05946
ko05134,-0.28048887454179006,-0.5623752100755139,0.6666666666666666,1.0,69,7,K03231;K02406;K04077;K03596;K00239;K03283;K13525,K04077;K03596;K00239;K03283;K13525
ko03450,0.5507597801487415,0.8713325397332302,0.7142857142857143,1.0,19,3,K01971;K04799;K10979,K01971;K04799;K10979
ko04141,0.3247760714777872,0.7631040555637063,0.7142857142857143,1.0,144,12,K13989;K07151;K08852;K09503;K13993;K09490;K04079;K09487;K03283;K09523;K13525;K14002,K13989;K07151;K08852;K09503;K13993
ko04371,0.6096140590639452,0.8493044874257463,0.7142857142857143,1.0,104,2,K02991;K04345,K02991
ko00401,0.3178686742167019,0.8981125100258709,0.75,1.0,30,9,K14187;K00813;K00812;K00832;K00817;K11358;K04517;K00220;K12719,K14187
ko00531,0.48185550212003725,0.8483010534323928,0.75,1.0,15,7,K01565;K01205;K12373;K01197;K01195;K01207;K01135,K01565
ko00600,0.3856921169203352,0.8552326490900702,0.75,1.0,47,10,K01134;K12349;K01130;K01190;K00720;K01186;K07406;K07407;K01201;K17108,K01134;K12349;K01130
ko03008,-0.3140600997349153,-0.6062442342070966,0.75,1.0,82,8,K07178;K14572;K06943;K11131;K14575;K14571;K03685;K13288,K13288
ko04612,-0.38296152602649586,-0.6401640897512,0.75,1.0,46,3,K09490;K04079;K03283,K09490;K04079;K03283
ko05206,-0.2748391873999389,-0.5470576286704075,0.75,1.0,245,5,K17398;K01425;K00558;K05658;K05665,K05658;K05665
ko05208,0.25907693756539096,0.7156435688185476,0.75,1.0,173,16,K06276;K00799;K03942;K07755;K00234;K04565;K03781;K14394;K04564;K00002;K02132;K02133;K02256;K00412;K00413;K00355,K06276;K00799
ko00020,0.2066069243632554,0.7020313605675947,0.7777777777777778,1.0,62,48,K18118;K00242;K00116;K01682;K00247;K00163;K05942;K01616;K00234;K00658;K00024;K00241;K00174;K00176;K01676;K00175;K00246;K01678;K01677;K01610;K01960;K01959;K01958;K03737;K00177;K01681;K00245;K01647;K00244;K01899;K00239;K00164;K00031;K00627;K00026;K00172;K01679;K00161;K00169;K00170;K00030;K00240;K00171;K00162;K00382;K01902;K01596;K01903,K18118;K00242;K00116;K01682
ko00053,0.39853508209343674,0.8485950534005012,0.7777777777777778,1.0,61,29,K19588;K00064;K23007;K01630;K23004;K23003;K23005;K13877;K08092;K03078;K18983;K01708;K08679;K00002;K00012;K01706;K03077;K01195;K20023;K13875;K03476;K01683;K00128;K03475;K00880;K03079;K02822;K01053;K02821,K19588;K00064
ko00190,0.23540459027255384,0.6813094809922985,0.7777777777777778,1.0,219,82,K00424;K00405;K00242;K05579;K02257;K02298;K02297;K05575;K02299;K00404;K05588;K06019;K02827;K03942;K00247;K00331;K00425;K00341;K05577;K02145;K00234;K22468;K00337;K00342;K05573;K00241;K00426;K00339;K05582;K03885;K00340;K00343;K13378;K00330;K02121;K00246;K00338;K02124;K15986;K02120;K01535;K02117;K00332;K02300;K02118;K02123;K00937;K00333;K02109;K02108;K02112;K02147;K02114;K00335;K02111;K00245;K00244;K00336;K02115;K02132;K00239;K02107;K22501;K05587;K02110;K00334;K02122;K02119;K02113;K02133;K03890;K02256;K00240;K02276;K00412;K00413;K01507;K03891;K02275;K02259;K03889;K02274,K00424;K00405;K00242;K05579;K02257;K02298;K02297;K05575;K02299;K00404;K05588;K06019;K02827;K03942;K00247
ko00100,-0.5707821590174512,-0.7386339872014723,0.8,1.0,34,1,K00801,K00801
ko00623,0.4063261124244522,0.7940062684532477,0.8,1.0,46,5,K01061;K07546;K03380;K00055;K01856,K01061;K07546;K03380;K00055
ko03030,0.2807548541120385,0.7611622322689994,0.8,1.0,60,26,K02345;K10754;K02319;K02344;K07466;K02339;K04800;K03471;K04799;K10747;K03763;K02337;K03111;K02340;K03470;K02342;K01972;K02338;K02341;K02335;K02316;K02343;K02314;K03469;K02540;K10742,K02345;K10754;K02319
ko04979,-0.6018099547511292,-0.7241191568795208,0.8,1.0,49,1,K05770,K05770
ko05010,-0.29774319273917577,-0.6252677054878474,0.8,1.0,287,10,K08852;K03942;K00234;K02132;K02133;K00134;K02256;K05853;K00412;K00413,K02133;K00134;K02256;K05853;K00412;K00413
ko05205,0.4466568223402635,0.7396971440924427,0.8,1.0,165,6,K06276;K12823;K02991;K03685;K04345;K05692,K06276;K12823;K02991
ko00760,0.29859118505573734,0.8742658612887733,0.8333333333333334,1.0,97,46,K20447;K11121;K08723;K15358;K20449;K00322;K08324;K20881;K20446;K18029;K03462;K20448;K06989;K03787;K03783;K20451;K01081;K04765;K00278;K00767;K03517;K20452;K00952;K11751;K06211;K00323;K12410;K00858;K03742;K01950;K03743;K03426;K00763;K03784;K00969;K20453;K00135;K20454;K01916;K08693;K08281;K01239;K00325;K00324;K20450;K01240,K20447;K11121;K08723;K15358;K20449;K00322;K08324;K20881;K20446;K18029
ko00340,0.2922994015307871,0.8094539628132154,0.8571428571428571,1.0,47,29,K01458;K18912;K14152;K01479;K00603;K01590;K02502;K01468;K01712;K11755;K01745;K17363;K01089;K04486;K02500;K13990;K02501;K01814;K00765;K00817;K00013;K01693;K01663;K00128;K05602;K01496;K01523;K00274;K00129,K01458;K18912;K14152
ko00430,0.30129427182114626,0.6381213493882877,0.8571428571428571,1.0,23,13,K00260;K15371;K15024;K03119;K00259;K00625;K00925;K00681;K03851;K01580;K15372;K19244;K13788,K00260;K15371
ko04723,0.4248115409640832,0.6987594586479087,0.8571428571428571,1.0,119,3,K03942;K13985;K04345,K03942
ko05017,0.40835722876614244,0.6352760973845929,0.8571428571428571,1.0,116,5,K03124;K08852;K17680;K08956;K05853,K03124;K08852
ko03050,0.4264648062546219,0.6439921945678775,0.875,1.0,49,4,K03433;K03420;K03432;K13527,K03433;K03420;K03432
ko04960,0.6671461580098949,0.8825379972974761,0.875,1.0,26,2,K06276;K01539,K06276
ko00630,0.2236245763211988,0.704021343275866,0.8888888888888888,1.0,100,75,K01458;K01849;K01848;K01682;K11472;K00015;K07130;K12972;K01637;K01638;K01455;K22223;K00127;K01432;K01608;K00090;K07248;K01816;K01616;K15036;K01966;K00042;K01846;K01847;K22982;K01433;K00024;K05606;K00124;K00281;K19268;K14067;K00626;K01091;K03781;K00023;K14451;K00830;K00605;K04835;K00018;K01895;K03780;K00600;K03779;K11473;K01965;K00123;K07246;K01625;K01681;K00865;K00284;K01647;K01601;K01915;K00283;K00104;K17865;K15918;K11529;K02437;K00026;K00048;K00282;K11517;K00382;K08692;K14446;K19312;K22515;K01577;K01569;K11263;K18123,K01458;K01849;K01848;K01682;K11472;K00015;K07130;K12972;K01637;K01638;K01455;K22223;K00127;K01432;K01608;K00090;K07248;K01816;K01616;K15036;K01966;K00042;K01846;K01847;K22982;K01433;K00024;K05606
ko04112,0.24106417107702155,0.6829404949818101,0.8888888888888888,1.0,31,22,K02488;K02651;K11357;K11443;K13587;K03590;K11749;K13590;K01338;K07716;K03544;K03531;K03589;K02313;K03588;K13583;K02563;K13584;K02314;K01358;K13581;K06985,K02488;K02651
ko04122,0.32517269397674603,0.7257691447751238,0.8888888888888888,1.0,29,23,K11179;K07236;K07235;K11996;K07237;K03635;K21147;K03636;K04085;K21029;K01011;K21140;K00566;K03639;K03831;K03154;K04487;K03637;K03151;K21028;K21148;K03148;K03638,K11179;K07236;K07235;K11996;K07237;K03635;K21147;K03636;K04085;K21029;K01011
ko03060,0.31431826763035464,0.7441043583182343,0.9,1.0,39,21,K13301;K03425;K13280;K09490;K12257;K03072;K03071;K03118;K03075;K03100;K03116;K03217;K03070;K03076;K03073;K03110;K03117;K03101;K03106;K03210;K03074,K13301;K03425
ko00120,0.7410995904672091,0.8712492671802856,1.0,1.0,18,2,K01796;K01442,K01796
ko00121,0.18091998704243836,0.4095348667469343,1.0,1.0,15,15,K00076;K22606;K15868;K15874;K15872;K22605;K01442;K22607;K22604;K15870;K07007;K15871;K23231;K15869;K15873,K00076;K22606;K15868;K15874;K15872;K22605;K01442;K22607;K22604;K15870;K07007;K15871;K23231;K15869;K15873
ko00220,0.2316596682694691,0.6069311853292552,1.0,1.0,60,40,K00619;K00260;K15371;K00813;K14541;K00812;K01438;K14048;K00926;K01425;K09065;K14682;K01476;K01427;K01428;K14681;K00821;K22477;K01429;K23265;K00145;K01755;K01430;K00930;K01915;K00620;K05597;K00611;K01940;K00262;K01941;K01478;K05831;K01457;K11358;K14260;K22476;K00818;K05830;K00261,K00619;K00260;K15371
ko00250,0.24732886441902235,0.8216189556849613,1.0,1.0,70,49,K01954;K00260;K15371;K08324;K00823;K00813;K00294;K09758;K00812;K13566;K01425;K00259;K01914;K13821;K07250;K00830;K11541;K00278;K00266;K01955;K01424;K01953;K01939;K14681;K00610;K00764;K23265;K00265;K00820;K01755;K13051;K00264;K01915;K01956;K01756;K05597;K00609;K01940;K01744;K00262;K00135;K11358;K14260;K01580;K01779;K22457;K18310;K00261;K19244,K01954;K00260;K15371;K08324
ko00253,-0.33272116352067876,-0.5178356639328562,1.0,1.0,17,3,K18221;K05551;K12420,K05551;K12420
ko00260,-0.1356734812022163,-0.5603217080467623,1.0,1.0,99,58,K00276;K02204;K12525;K00108;K12972;K00998;K00090;K16066;K00613;K12524;K15634;K22982;K02203;K00130;K00281;K00639;K17103;K06001;K00836;K00060;K00830;K15633;K00605;K00018;K00600;K15635;K22305;K01694;K01695;K00865;K00303;K00058;K01733;K00302;K00283;K01696;K00003;K15918;K00928;K01753;K00133;K11529;K00831;K02437;K01754;K00282;K01620;K13745;K01752;K01758;K00382;K11440;K01079;K00872;K01834;K17217;K00274;K01697,K00302;K00283;K01696;K00003;K15918;K00928;K01753;K00133;K11529;K00831;K02437;K01754;K00282;K01620;K13745;K01752;K01758;K00382;K11440;K01079;K00872;K01834;K17217;K00274;K01697
ko00281,0.3887957959381074,0.6995555214720008,1.0,1.0,16,9,K12957;K01825;K01782;K13775;K13777;K01640;K00632;K01692;K13774,K12957;K01825;K01782
ko00333,-0.37617200129322764,-0.6614886315976286,1.0,1.0,20,3,K00208;K00645;K00059,K00208;K00645;K00059
ko00380,0.3248260074833321,0.7532461835598935,1.0,1.0,80,24,K03782;K01825;K14264;K07130;K01782;K00486;K01432;K04103;K03392;K01556;K00658;K10217;K00626;K03781;K01667;K07511;K01426;K00252;K00128;K00382;K01692;K21801;K01501;K00274,K03782;K01825;K14264;K07130;K01782;K00486;K01432;K04103;K03392
ko00472,0.27566656189481564,0.5061124089203632,1.0,1.0,9,5,K17898;K21898;K17899;K21672;K00824,K17898;K21898
ko00511,-0.12868868304576978,-0.3061982968724936,1.0,1.0,22,14,K12112;K15923;K12111;K12373;K01206;K01190;K01192;K01191;K01186;K01444;K01227;K01201;K17108;K13714,K01227;K01201;K17108;K13714
ko00520,0.15231443722541396,0.45254554432713007,1.0,1.0,148,105,K00698;K13810;K15916;K12454;K21749;K15913;K11192;K02473;K08068;K13014;K15894;K06118;K07806;K00066;K02474;K00966;K00972;K18430;K01787;K16881;K15778;K01840;K00971;K00992;K01654;K13015;K10011;K22252;K15899;K01209;K18429;K02377;K01639;K01711;K08678;K12373;K22292;K02804;K00884;K20118;K12448;K07102;K00847;K12452;K01791;K00844;K00845;K00975;K00978;K02564;K08679;K18431;K05305;K01198;K07106;K00012;K15898;K01709;K00820;K13018;K00790;K01443;K03431;K02779;K13017;K01809;K01835;K15855;K16011;K01810;K02795;K02472;K00075;K02796;K00849;K06859;K00885;K02791;K02777;K00965;K13010;K00983;K01183;K15910;K01854;K18675;K10012;K15912;K17716;K02794;K02793;K04042;K15920;K01207;K13019;K15779;K01784;K01788;K00963;K15921;K15856;K13381;K00886;K13016;K11528,K00698;K13810;K15916;K12454;K21749;K15913;K11192;K02473;K08068;K13014;K15894;K06118;K07806;K00066
ko00521,-0.24333763164602273,-0.6520033422882868,1.0,1.0,21,12,K23144;K15778;K00844;K00845;K00973;K00067;K01835;K00010;K01790;K01710;K01858;K01092,K00067;K01835;K00010;K01790;K01710;K01858;K01092
ko00524,-0.5068692419589812,-0.609059370486064,1.0,1.0,58,2,K00844;K00845,K00844;K00845
ko00541,0.1944171851896098,0.4976381469927644,1.0,1.0,96,45,K20429;K12454;K16704;K02473;K08068;K15894;K02474;K01840;K00971;K01654;K13015;K22252;K15899;K02377;K20680;K01711;K12452;K01791;K00978;K00973;K08679;K02805;K00012;K15898;K01709;K13018;K00067;K13017;K01809;K16011;K19068;K02472;K01790;K13010;K01710;K00983;K01854;K15912;K17716;K04042;K13019;K01784;K00963;K15856;K13016,K20429;K12454;K16704;K02473;K08068;K15894
ko00564,0.24229753202655305,0.5949964881384383,1.0,1.0,114,36,K01521;K00631;K01004;K17830;K00998;K01096;K01613;K00096;K00901;K18697;K01058;K00112;K00105;K00968;K17103;K01126;K14676;K00113;K05939;K06132;K06131;K01095;K00655;K00111;K08591;K04019;K00057;K00981;K03735;K01048;K03736;K07029;K00995;K00980;K01114;K08744,K01521;K00631;K01004;K17830;K00998;K01096;K01613;K00096;K00901;K18697;K01058;K00112;K00105;K00968
ko00620,-0.16093725874537881,-0.6675456750891756,1.0,1.0,126,95,K18118;K12957;K00116;K04020;K00138;K05523;K01007;K12972;K04022;K01638;K00121;K04073;K00247;K00163;K03777;K11262;K00101;K04021;K00158;K00090;K01905;K07248;K15024;K01573;K02594;K00024;K13954;K10977;K03778;K00174;K00156;K00029;K01676;K01571;K00626;K00175;K00246;K20509;K01678;K01962;K01963;K18930;K22224;K01677;K01610;K01960;K01961;K01959;K00132;K00625;K01895;K01958;K01069;K03737;K01006;K00001;K00027;K01759;K00002;K00245;K23257;K01026;K00244;K00873;K00656;K01649;K02160;K00925;K01067;K01512;K00627;K00026;K00172;K01679;K00161;K00169;K00170;K00171;K00162;K00016;K22373;K00128;K00382;K00102;K04072;K01596;K20370;K00467;K13979;K01595;K13953;K13788;K11263;K21618;K22212,K00102;K04072;K01596;K20370;K00467;K13979;K01595;K13953;K13788;K11263;K21618;K22212
ko00640,0.20680020589381476,0.672378654370991,1.0,1.0,110,83,K11264;K22214;K01849;K01848;K01825;K01682;K01720;K00932;K01782;K03417;K01659;K01574;K19697;K00823;K09699;K11262;K20143;K01905;K15024;K15036;K01966;K19745;K01908;K01847;K08325;K18369;K14729;K05606;K00166;K00626;K07250;K19709;K01962;K01963;K22224;K01035;K01961;K00167;K00625;K01895;K11381;K23259;K20626;K00248;K01965;K01734;K07511;K23257;K01026;K01899;K13923;K00656;K02160;K17489;K00925;K01034;K00048;K00172;K18471;K00005;K13922;K00169;K20627;K00170;K00171;K00016;K13920;K09788;K00382;K01902;K01699;K01692;K00140;K13919;K01903;K20455;K19312;K00086;K13921;K13788;K11263;K00822;K03416,K11264;K22214;K01849;K01848;K01825;K01682;K01720;K00932;K01782;K03417;K01659;K01574;K19697;K00823
ko00643,-0.237702265372166,-0.5869103762922361,1.0,1.0,25,9,K00146;K01039;K01040;K20626;K07104;K01026;K01426;K20627;K01501,K00146;K01039;K01040;K20626;K07104;K01026;K01426;K20627;K01501
ko00650,0.1813847655992659,0.5730628919272535,1.0,1.0,99,71,K03821;K18118;K00242;K01825;K08324;K01782;K00823;K11258;K04073;K00247;K00634;K23352;K01027;K01039;K23351;K00241;K00174;K00100;K01615;K00626;K00175;K00246;K07250;K18119;K20509;K00929;K19709;K01040;K00023;K18120;K01035;K00132;K14534;K03737;K00248;K07246;K00004;K00074;K07511;K01028;K00245;K18122;K01653;K00244;K01715;K00239;K01652;K01029;K17865;K00656;K00209;K01034;K18009;K00172;K00135;K00169;K00170;K03366;K00240;K08318;K00019;K00171;K01640;K01580;K01907;K01641;K01692;K07516;K04072;K00043;K01575,K03821;K18118;K00242;K01825;K08324;K01782;K00823;K11258;K04073;K00247
ko00670,0.1855212335050333,0.4953473632243592,1.0,1.0,40,20,K13938;K00603;K01433;K11175;K01500;K03465;K00605;K00548;K00600;K00602;K13990;K00297;K00604;K01934;K01938;K01491;K00287;K01746;K00560;K00288,K13938
ko00680,0.20040564239410483,0.6577210882211849,1.0,1.0,194,93,K16179;K16176;K14080;K14081;K01070;K00863;K07821;K01007;K14127;K14084;K00121;K05884;K03532;K16370;K07811;K03533;K00127;K00317;K02446;K03841;K14083;K04480;K00400;K16305;K00200;K11645;K16306;K00205;K15634;K02203;K14126;K00024;K10977;K00124;K04041;K19793;K14067;K05299;K01623;K11532;K00850;K15022;K00830;K10978;K15633;K00197;K22516;K21071;K00194;K00625;K00018;K01895;K00600;K11261;K01499;K03389;K15635;K03388;K07812;K22305;K00441;K00123;K00196;K16792;K08093;K00058;K05979;K01689;K03390;K00925;K11529;K00831;K00198;K01624;K14940;K00172;K16793;K00169;K22480;K00170;K00171;K22015;K01079;K01834;K08692;K08094;K22515;K00918;K01595;K17067;K13788;K17100;K22083,K16179;K16176;K14080;K14081;K01070;K00863;K07821;K01007;K14127;K14084;K00121;K05884;K03532;K16370;K07811;K03533;K00127;K00317;K02446;K03841;K14083;K04480;K00400;K16305;K00200;K11645;K16306;K00205;K15634;K02203;K14126;K00024;K10977;K00124;K04041;K19793
ko00710,-0.25555134707720656,-0.7549107841859344,1.0,1.0,36,25,K00855;K02446;K03841;K11645;K00024;K04041;K00029;K01623;K11532;K01610;K01006;K01808;K00615;K01783;K01601;K00927;K01803;K01624;K00026;K00134;K00150;K11214;K01621;K01807;K01595,K00150;K11214;K01621;K01807;K01595
ko00750,0.33072099992244114,0.6403015713867048,1.0,1.0,24,11,K05275;K03472;K03474;K00097;K00275;K03473;K01733;K00868;K00831;K06215;K08681,K05275;K03472
ko00785,-0.342880707991664,-0.5803834127070622,1.0,1.0,13,4,K16869;K03801;K03644;K03800,K03800
ko00791,0.1814385625097697,0.43841471587191294,1.0,1.0,16,11,K19837;K14541;K14048;K23359;K01427;K01428;K01429;K01430;K01941;K01457;K03382,K19837;K14541;K14048
ko00908,-0.5200387847446654,-0.6056613716780848,1.0,1.0,10,1,K00791,K00791
ko00920,0.21731180867068614,0.5513258169881655,1.0,1.0,109,60,K08354;K02439;K00299;K04091;K00385;K15551;K15554;K00381;K16937;K16936;K00958;K15553;K17218;K02048;K00860;K21308;K17069;K03119;K00957;K01011;K01082;K00394;K16951;K00956;K07308;K11181;K11180;K02045;K16950;K15555;K00395;K00380;K07307;K01738;K00185;K00640;K17996;K07306;K23163;K08357;K02046;K02047;K00184;K06881;K08352;K10831;K00955;K00641;K08358;K21307;K17229;K10764;K00390;K00651;K15552;K00392;K01739;K17217;K08353;K23304,K08354;K02439;K00299;K04091;K00385;K15551;K15554;K00381;K16937;K16936;K00958;K15553;K17218;K02048;K00860;K21308;K17069;K03119;K00957;K01011;K01082;K00394;K16951;K00956;K07308;K11181;K11180;K02045;K16950;K15555;K00395;K00380;K07307;K01738;K00185
ko00930,0.3153358751793387,0.6425298817781966,1.0,1.0,22,8,K01825;K01782;K00002;K07511;K06446;K14731;K01692;K01053,K01825;K01782
ko00950,0.4592567886127039,0.850449320589087,1.0,1.0,62,6,K00276;K00813;K00812;K00832;K11358;K00274,K00276
ko01055,0.4925899288520955,0.7491850725080348,1.0,1.0,29,4,K16436;K16422;K16435;K01710,K16436;K16422
ko03010,0.2325929793380011,0.7023401733161557,1.0,1.0,143,67,K02924;K02984;K02987;K02991;K02885;K02877;K02995;K02930;K02883;K07590;K02866;K02968;K02897;K02890;K02970;K02986;K02954;K02961;K02945;K02935;K02876;K02895;K02967;K02906;K02933;K02948;K02982;K02884;K02871;K02864;K02886;K02879;K02988;K02907;K02996;K02863;K02926;K02916;K02963;K02867;K02881;K02965;K02939;K02892;K02931;K02994;K02874;K02992;K02878;K02899;K02904;K02911;K02950;K02990;K02946;K02952;K02956;K02909;K02887;K02888;K02902;K02913;K02959;K02914;K02919;K02977;K02927,K02924;K02984;K02987;K02991;K02885;K02877;K02995;K02930;K02883;K07590;K02866;K02968;K02897;K02890;K02970;K02986;K02954;K02961;K02945;K02935;K02876;K02895;K02967;K02906;K02933;K02948;K02982;K02884;K02871;K02864;K02886;K02879;K02988;K02907;K02996;K02863;K02926;K02916;K02963;K02867;K02881;K02965;K02939;K02892;K02931;K02994;K02874;K02992;K02878;K02899;K02904;K02911;K02950;K02990;K02946;K02952;K02956;K02909;K02887;K02888;K02902;K02913;K02959;K02914;K02919
ko03018,-0.16622264492381408,-0.44580741904535637,1.0,1.0,79,22,K12604;K03732;K12608;K05592;K22468;K12585;K12573;K00850;K11927;K03654;K00937;K18682;K08311;K04077;K03628;K04043;K01689;K00962;K12574;K03666;K00970;K08300,K00970;K08300
ko03020,0.27103559870550836,0.5374489665314692,1.0,1.0,51,9,K03042;K03041;K03006;K03046;K03043;K13797;K03048;K03040;K03060,K03042;K03041;K03006;K03046;K03043;K13797;K03048;K03040;K03060
ko03460,-0.4023187475141401,-0.6854475124376066,1.0,1.0,54,4,K10858;K07466;K10901;K08734,K10901;K08734
ko04013,0.5109890109890127,0.6718130311614746,1.0,1.0,84,1,K04564,K04564
ko04020,0.3034302852547937,0.474324987796945,1.0,1.0,185,3,K08794;K04345;K05853,K08794
ko04066,-0.24137513389839685,-0.5673112883899535,1.0,1.0,76,10,K02991;K01623;K00850;K00844;K00927;K01689;K00134;K00161;K00162;K00016,K00134;K00161;K00162;K00016
ko04070,-0.4237971283276181,-0.7361797465714207,1.0,1.0,55,3,K00901;K00981;K01092,K01092
ko04115,-0.5038784744667081,-0.6494705780246486,1.0,1.0,67,1,K22745,K22745
ko04138,-0.3595496142791771,-0.5637098195376851,1.0,1.0,82,4,K06027;K04345;K06902;K12479,K04345;K06902;K12479
ko04211,-0.4426123504687809,-0.6652010998063054,1.0,1.0,68,3,K03781;K04564;K04345,K03781;K04564;K04345
ko04361,-0.3124292872151339,-0.49008647109509057,1.0,1.0,59,2,K00901;K04345,K00901;K04345
ko04659,0.5085649644473191,0.651283112582783,1.0,1.0,86,1,K04079,K04079
ko04724,-0.37455544778530664,-0.5499523932685821,1.0,1.0,88,3,K01425;K01915;K04345,K01425;K01915;K04345
ko04727,-0.19681279635080967,-0.3418285677295937,1.0,1.0,69,6,K06027;K01425;K01915;K04345;K15376;K01580,K01915;K04345;K15376;K01580
ko04918,-0.3278343846029551,-0.6884530714432375,1.0,1.0,53,6,K00432;K09490;K09487;K00383;K04345;K01539,K00432;K09490;K09487;K00383;K04345;K01539
ko04925,0.289990560053532,0.43967270972539174,1.0,1.0,65,3,K08794;K04345;K01539,K08794
ko04931,-0.43187893636143504,-0.6779714032939004,1.0,1.0,74,5,K06276;K00688;K00820;K01596;K11533,K01596;K11533
ko04932,-0.25861016420871075,-0.5778755548871516,1.0,1.0,127,6,K08852;K03942;K00234;K02256;K00412;K00413,K02256;K00412;K00413
ko04975,0.5791855203619924,0.7229814917545022,1.0,1.0,28,1,K00626,K00626
ko05016,0.2142044307603595,0.39028310931847193,1.0,1.0,229,12,K08852;K03942;K00432;K00234;K03006;K04565;K04564;K02132;K02133;K02256;K00412;K00413,K08852;K03942;K00432;K00234;K03006;K04565
ko05150,-0.252588996763752,-0.651958446983614,1.0,1.0,74,9,K19079;K14194;K11041;K14188;K14201;K14205;K03739;K03367;K03740,K19079;K14194;K11041;K14188;K14201;K14205;K03739;K03367;K03740
ko05161,0.7853910795087273,0.9274809160305346,1.0,1.0,132,1,K11594,K11594
ko05213,0.5567309546472881,0.7808075807610003,1.0,1.0,45,2,K06276;K08734,K06276
ko05219,-0.5555914673561714,-0.7276703823902921,1.0,1.0,38,1,K00758,K00758
ko05340,0.3842014855184908,0.5463184711003706,1.0,1.0,37,2,K01488;K03648,K01488
